{"version":198,"hash":{"type":"Buffer","data":"PzKbuQzgIWH8PlPofaS0JoM7FZf6qsbDnsL7wl5ZtWy0Fih9aRKvhPQBoejQDAkwtt15cEACf1J/5Wcx88xtNsm+QEEXtnyY9JB+tOXHTebtwXC7Il89+AztsJae2KCNLB6MQRgw+2AebGsf3VpD2knT+MnIeA55eLYirOL6WL4="},"indexValueMap":{"AH5Ij0sRAlHDHz6jBZw7SgnNeRVKAm5GeejJICg9ZHg=":{"valueMac":{"type":"Buffer","data":"uRm+2Ldn5Xj7AzKOu0e3W212mlnOCvEqhRX4XjwHnEY="}},"APupoi67gapKxASrL9RzOorItQHQhiGFEFlkuMjJDZA=":{"valueMac":{"type":"Buffer","data":"EZmUyslPzyQ6o1sl8E041oEasCdMh2WBBuRuHgY8t3k="}},"AsaTC0AgK9fcPN4YeU2s759DZOuYQEFGy2xPIKVHR8U=":{"valueMac":{"type":"Buffer","data":"aom61eISjVRqDNRpAGLgVQ0zpwDrBIfUABHuqlubP3g="}},"CFVyx0sqYoWS7nAX7l09bF6RjQp4GK002V+e1afrIqY=":{"valueMac":{"type":"Buffer","data":"QbagNBZOf/2vmdT8VNnhMMm5vY/1AsjcmPXG8FRXmNA="}},"Crd8FqlqyPtm43clMkPzXlA9rns7TblS4yLQKm6kOhA=":{"valueMac":{"type":"Buffer","data":"lbzV8/TBPAvRI6/O8DXt+t5E4gNQGmJlyqk5tbKHFqw="}},"DGJNRaZuMjCoBGTrIUdh7FXBzSjPO37OQpN3Hz4DJ90=":{"valueMac":{"type":"Buffer","data":"j8Ldn1cfKltpof/Hew46Y7M2QKRAio4qaltCklknvQI="}},"DedCVR+awbRGx1LgtBZFPu32tKp6oOkHohzghtWA5t8=":{"valueMac":{"type":"Buffer","data":"7c6bP7bkD4d8+o3kBBamP7+WvHZ04UkpPjEVm/w1Amw="}},"DflcrqMNf++5SgJE6eqosNPUJNh/OP8+hUIisOrwfsU=":{"valueMac":{"type":"Buffer","data":"jiDOo3pcgyj9avOZoMZ+Y/zqP5TiuLg02cg0ZLFYF3Y="}},"EeQjsAtbWXj/k9jIfKagDiH3xL3NpdwYH58T/ejdWxU=":{"valueMac":{"type":"Buffer","data":"/nBp3HFUx0lcXTFVD3kiBOBwdDU+JwnjOL575yEwjH0="}},"E8rSXQy1d+0O1IB0dAtgBXG8A5xn1+fttNia0x/zcRc=":{"valueMac":{"type":"Buffer","data":"Wwpm4HT1IHaGmk4wcdYLLtv6TtVmtxH78Q6UPB3wyvA="}},"FeigDItidAKoOihh+3xhRPuYx9OdtUIm7wiochcSwE8=":{"valueMac":{"type":"Buffer","data":"bc8GlLaRjYZC0m1yUTnffeSfT+UZn2WdX7gkf6pqiws="}},"FnQ1f9KlUDbcweJFzQ8hFglFnwNjEBO/1Ta0Gjj+Moc=":{"valueMac":{"type":"Buffer","data":"we8s5/Cxmjv1C9GD/moFQPlD3yawen8KNo3lknh2Tl8="}},"GF5M9EPnaw3e+NmSWWM+BPqnPEE609NjnBh8pd3MnXw=":{"valueMac":{"type":"Buffer","data":"mXQjkjyrDaFthcZ6UQACplht9+NPE9nzJAGry8Jg/1k="}},"GWBWtPWefpbWTWIQHgkV7BKn6lDPPe2emxyNekK9G9Q=":{"valueMac":{"type":"Buffer","data":"0uuGj7eZmtDKdIuHsObGAl+SS7NbDJajZ1a3CRtOwMI="}},"G8XRu6Y8w3RyylJXNyOoWkGKvhww++x2fxkYujLYSjo=":{"valueMac":{"type":"Buffer","data":"ilSqRpHzVgTB42XnTEMPC73MYZqSQjrfU1PsMfju7rw="}},"HBB/uY6c8YQluFlL1h/ld0GdGYdG35Wc62MTPnFIMSQ=":{"valueMac":{"type":"Buffer","data":"R7QDJrulfttBGgjbuk1XtPp2F/RdLgAbJmJsKzr38Vg="}},"HMWwP4+kp8bwcx237QK5HlIAzZGM/ShXjp4/FZQKr0s=":{"valueMac":{"type":"Buffer","data":"q+vKk3+3J3pz9itMdQfr8D1hmuB7X5Mxrg35bUdiJ+M="}},"H/YGnEOhC86v9/r20YqeBRlojTiSwZ2N4Y9T+/TQxGY=":{"valueMac":{"type":"Buffer","data":"ge7rh3JIT2dmuP1+rvzuhWhmc3qwBJYE8w1aL/BCxRI="}},"IRK4/6sMSPQ4n+ROSYpKhMZytdVn5/db11Xojri1iX4=":{"valueMac":{"type":"Buffer","data":"LE+KcBY0BLP/BmsmG71YylB1y6VPfkN6XpWYSpFW07Q="}},"IerZBXWhXDwK4smlMe2C0k3nPEknkWahcjg9zCa8eLA=":{"valueMac":{"type":"Buffer","data":"jwzWiS6JKVPjeF2UpKfobP4uemV9qTI0eG0IFN2yiY0="}},"IrGs6gearS3l6/8vvXevPRdeYfL0j36o9bi6L1NoxU4=":{"valueMac":{"type":"Buffer","data":"bwnJSD9Msex17moPPWnCuR2nehb0fbkUcID6PV1K7b8="}},"JDrJR+vowd4Bo2Ectv4neWqscD3f11ntmTs6SUML4tY=":{"valueMac":{"type":"Buffer","data":"ppOvLfD6rb6dPo0F5SBGH+oSk3qh8TwZlyeY9zx1FIs="}},"JU+uwtjqEU4gSVzj5NnJqWMKXz++HptfHcfJy3EiBqs=":{"valueMac":{"type":"Buffer","data":"ENrdm5HM+bmuiqHuOadRpYsoAm1be7ohXZuHqwMxBI8="}},"JnOOjjydLydTHR1ATIi2RPR3KIt0sgIboo0aEQqi3F4=":{"valueMac":{"type":"Buffer","data":"S8GXBJRzYvK7hT6YV6pM6qt8JucQN/BcyqbGQ3hf0BM="}},"JwYeWo9mHa2H1IHi86a/cy/6clOqGLTrcGgKvLLS+9c=":{"valueMac":{"type":"Buffer","data":"TSM07Pfoko9vF6FI4M2xZjkPgXaA+nlV/wXaPZ3Alyc="}},"KhV/LVvcad6ftuw3ELIbY1rzaZaVGl/HZSWtzKx1Xbg=":{"valueMac":{"type":"Buffer","data":"yeNfXxyCSyVDt3qioU8tLODfge4he0MEiROLr555cMw="}},"KmsxF8ziMVF1OmEoz28m5H1GXQT4yX9auQMGdBQDmUU=":{"valueMac":{"type":"Buffer","data":"k2AWLn/8808tjXvgdmsLVLvY401c9Zt9MWNYv1jncRY="}},"MI22KsPJGBPP4SMRjx7K9J0rnj9T0bwEu0PvCl9GoJ8=":{"valueMac":{"type":"Buffer","data":"+NvgLp019G7HYjAkeNvtgdmPvf8wWgCmjYwbxJfbiWI="}},"Mg1/frV1AGrQhSNeTu7oyyx/unhY11aPcQEJETHEwo0=":{"valueMac":{"type":"Buffer","data":"CyY0MH1YHGENMcPh1umLBou8oKM+k7bjdBR8Q9hNrt8="}},"MmnVUmzJP/jq+PUPf7NpqPIsSiwKoJwZnuQgmxBKLxU=":{"valueMac":{"type":"Buffer","data":"vg+Hb6JHeimtdxHRV1gBV3LIPt8lfXikLlmIS1Fj6Ss="}},"M13qzOVsuc2AKTe3v0rSJHYinvZQS/b12XCfwA3Us5o=":{"valueMac":{"type":"Buffer","data":"wvb0WZn7uumi4FZaWvH/7qCcMGY9qRFyJpbYl/t1JRg="}},"M58CCAw1kFTnYt6WG88SHBIzq6gybiqbycdmT4dE7b8=":{"valueMac":{"type":"Buffer","data":"MxJD/yE0vXD6xzjcMF6/hiB6yCvMUiDkMkQVg7XE4nQ="}},"NHFd3CnGqWR4IwjpypmpFqcZSl1M4hfAb2Mp1IFw0gs=":{"valueMac":{"type":"Buffer","data":"pVflRRZmo+dUL+hby+Ia7qrF3C/jEI+IaoMJ/6GGjCY="}},"NX8kodGaYM0JhZuUpoTw7Shf0oRyy/pLm3YxaQ0sfqg=":{"valueMac":{"type":"Buffer","data":"m9Q9kRJLKkofRNU2QBi6IHTKC2k0Fg6ZZ1TVU0AnH90="}},"PNOZ2csFyuIgkUKLJ6O9OfG+lKkHo9YwIaW1YVLaszY=":{"valueMac":{"type":"Buffer","data":"grqFNjl+bQbJ136VCVUGJbIWq23I1MJrSqHpY626pQM="}},"PgLEZ+/kbKkHlUmJ3mIJSs/dj61Mn2AcS/oZRm7ee4U=":{"valueMac":{"type":"Buffer","data":"BGP1urIRTC6ovi8CfjjClsb13Nj/LnvzmAZv4bK2Jnc="}},"PlzeaykawebJ88hbrr757rStU8Wlrf5N/a+8aMXJZDU=":{"valueMac":{"type":"Buffer","data":"0/DAs2B+d1Pqf8+kumWAxaG38JBt//EjqJ2kfvI8YfU="}},"P1IerFQMEyAWFgLsExbW3ielzMtwznvaM8aaEzdg4B0=":{"valueMac":{"type":"Buffer","data":"Q60zIiReysMNW+VtU5smGGQ9+Zv4RF/W9hYUkEq1xeA="}},"QR4xVrPaF4tj4aiahmfVQy9D8LNPkSk1bOa9xtjBecE=":{"valueMac":{"type":"Buffer","data":"FmypbZb1ZI4zC1pteQ4eVj1NqFC/XH8TTvujAHvaoBU="}},"QVlk4WjaPC+cCClnYAsjroCXJAWrQln0l8tXWrOb0F8=":{"valueMac":{"type":"Buffer","data":"gQRxMoIDZ8stGRZZ+9GjYwSD+VkyFfB3DVMB+RLYWLg="}},"QakyrQVp+wxbUOlZyeW3HE1DBOJFfETaAKAr/mK9zps=":{"valueMac":{"type":"Buffer","data":"t3xJD1m/l4BG5mwvXTJbTQOcyKp/0KDTwt35iIz9rzA="}},"QviMSoLaUWNJcUdolrh+hhjUbFm0JMIhmzC90LprK5U=":{"valueMac":{"type":"Buffer","data":"pQlhOhKXSdB3X+5SEwjJZbtX5V0RJL0ZgnYFoY2Fq50="}},"Q+JLWatHzqHLikeMbJsAE/TsQ4tQR5KJqeXetSrNT9Q=":{"valueMac":{"type":"Buffer","data":"R2mTpSxyRGED3Lar5Jc41I9RxOuaxNVPm1WRPR3/TFc="}},"Rrp6xMq36kcjtwpMEFybK2ZNEijLb6q40ZiM516qZ9M=":{"valueMac":{"type":"Buffer","data":"CbkKTG7PIyNYEdVPd9wM+6X4jsx+9x+mJ1kLd1zIsIc="}},"SGiIfbsSRaemTutQGcpmj749yVEJtnWYo99rq9RdGbU=":{"valueMac":{"type":"Buffer","data":"TcGHL8dcvX5G+MzmnRfMOHyMXn3wF2SeunXIjJLwFmY="}},"S0rdHerOEN9yJLyVuW14EwTxhvwYvfGZYbF0Mu5fVvg=":{"valueMac":{"type":"Buffer","data":"hiK7si1ogm4ASOhIJSOHRvhenJf60ngoTe042vKM7SQ="}},"TKl6RwPz6gkZgQGw2NFrFVurBkRWXrXlBbbS2CBs9bw=":{"valueMac":{"type":"Buffer","data":"KUqQgTcmD3ItDg9/9p4eBGoFtYeJ5t2/2ixajxP9m1w="}},"TXEu6k+qm/fltzD7LVAtxiE9coHlQWxoR+hSixQoop8=":{"valueMac":{"type":"Buffer","data":"iJMe2xOqlu0PGNBHN1l4UFes/9Fz+SOIEwPv4ppJBBQ="}},"TYJOkRKlM4btNVmktCXEjymCQGt1AwZObEy/P9TfZEI=":{"valueMac":{"type":"Buffer","data":"NriOlK8PpKt/zosZJgSwWuH0kEhiv+2DOM+eX1uy2Go="}},"TdN2T+ysjCYNJ3Hzwdm+E+s1zEgDgANoT6KUuAR3f1c=":{"valueMac":{"type":"Buffer","data":"19yKz5W6h+VaF1tnwwc6odqnpFeZSMqPrPLMujFbKl4="}},"Twle2E42HcQc4mNXuXRe2yPaDDABeRfuSaIKPWt+F0Q=":{"valueMac":{"type":"Buffer","data":"CJeUid7lxkqhSeY4pSE5VUxJ2sCQCyCgP7iMf7EQMjc="}},"UIhzaDJSGtL3r78hgfeZ08dE+fxVmFohcQpFnCY1dOU=":{"valueMac":{"type":"Buffer","data":"xHLixwvRPS6FPJFzAIfsHvbA8SYV4TGWbmQXPsCShTw="}},"UJcIywEarFNUsUoymf/oXbdzF/rIf+KTV3fQc33xUFk=":{"valueMac":{"type":"Buffer","data":"uvc9VBFN3LPD9LJ0cisbCs/nrxqhuKyVSPrU/Qju0mk="}},"UdliPC1KY7RvSpP6VmBoMww4q+5xG6ebKtvNfZshVaY=":{"valueMac":{"type":"Buffer","data":"2esV0Wn3p54t/KRJVADuwKmiAEbJ7/9mrfh9+vZO5dA="}},"UoBM8YvJRg489Q6SgzEh78IYoh3GSF1vKCzPWi9E/Pc=":{"valueMac":{"type":"Buffer","data":"K+h1BpCMSzIxbmZF74y7gH2T1FaYHHykNvAaVXb267I="}},"Uv/No4V6t5n8joPlSdXHqEldrXI/mVTLI6KNilzforY=":{"valueMac":{"type":"Buffer","data":"oWIEz09xrb7/biKyHYsMjy/wR7g3zNkyLQ5CEP+K5e4="}},"Uwuj9fTNze6LIVFsVKq/c1PP2Ng2jKZoQm0dC3gEEnI=":{"valueMac":{"type":"Buffer","data":"4GEDYPBe/PoDxFvsSiwbcu2evzvpPlThP/IkzQ+siUQ="}},"VCLkgBtQpNE9ELPOwac7EpM4wDkhoq5O29a+Mcm4O8I=":{"valueMac":{"type":"Buffer","data":"Lvl+5jRYXHNk7bDFF8YkjVdSvltELOUOr7Yz6tujLps="}},"VMa48FbQOC9E11xSlGzwuwCPzJl4IcRnYbYZrpBF9MM=":{"valueMac":{"type":"Buffer","data":"Zvv4hrgBjNvCqS9JySg+jQ+6Aa2BdAHYG1JoJ8qc+oI="}},"VhnKnF5TuTvwnEP+/793Ig+cmyaTL/6/miTYQtebadE=":{"valueMac":{"type":"Buffer","data":"flH/z5Uh4PgGjctclp1KOYto981kBiX6k+1GZXP/d88="}},"WUBc5s2ZQ5w876NakHnGb1Pv3Ckvou3a1nnSSKsGe5o=":{"valueMac":{"type":"Buffer","data":"uTcW7DkvE95N+/mo8vvfLrP4DEi8WabUKJHu8qOIJG4="}},"WUr+YdIF+4yU/gPO5SqR7dC1837i0NJncpzNKOH37Q4=":{"valueMac":{"type":"Buffer","data":"Wbr91DJZSH4EDqKUGmqwIqHmcyttlSU2abrYCrKygR8="}},"WXGwkUdzWUj5u9iHuW1dEfuzGCPmFl+W8aqVh8Lrwno=":{"valueMac":{"type":"Buffer","data":"h+qTUWS9B31VDtG0z30TEVaYcwG9Ju0PSJi/x7onL8I="}},"XMWp8qzPg0y3XhTJvAEIHQeFbD0dSEOyOn+tv76Ap8I=":{"valueMac":{"type":"Buffer","data":"LPrkZ452O+ki2j7NNYkJHKi6ILOKMcELI2A4R4k+zO0="}},"XXWcxQ6Q5LcT9uXgj/6OmklN1qYGD3LFSqCS4jOrBwY=":{"valueMac":{"type":"Buffer","data":"pRIfBav/2qnAnLCJkTO9Ys3u+4OH/rn+dvEBd90LJSc="}},"Xu0k8hNHeXNALQmKX9dDySHM3ShSw4wtr7cSA5A8ihc=":{"valueMac":{"type":"Buffer","data":"Ip17Ylc21n7QX0j6PGCfqSyqc93zC6KjH4gpy91kbzI="}},"XwuAT402wiVtIken1eTkupS1hedae+N66dq1nWJ1gNw=":{"valueMac":{"type":"Buffer","data":"Gz9LL1oB0gAhjRhTBilC6c5KuD3A61ndC4jlZ86uigk="}},"X0yCa3dn6M6P7Y/Yb4eJlb5DJiu5tD/ek601OQb1hZM=":{"valueMac":{"type":"Buffer","data":"s8GII5AastIHn8f00YgTxM7/a8OY/UbPsqITw94ZI7w="}},"YMk+VVZeyE4TziQYC3Gk3l7nKsBbLt1IzG6VmLokt0M=":{"valueMac":{"type":"Buffer","data":"OxYLmGIQ/cxQyC0E50UZT7XZGEI72QZjlb5d82ef/S4="}},"YuQ97LPcbgFolcY8pROlfNtvjf5t9AEXk39WBzG3hSk=":{"valueMac":{"type":"Buffer","data":"uNezUgJJfl2j57UhofjXNJmvjLliMH8jUKOXNvdL/3w="}},"YwPBbT999kyMY43STKN42qAc1lcgEv9Bvm2UFySriaU=":{"valueMac":{"type":"Buffer","data":"xNPQufsKolopWHWE3iatL6UsKxmCqZIF3oDtqC6rFz4="}},"ZCDxJ59ycxGRgucZ+VxYRK0ZggwphxFjMDvDA0poDmg=":{"valueMac":{"type":"Buffer","data":"HWw55VLOCzojDxa4mZEJvIgkpsIL+7w6VQqDEjGozGo="}},"ZxzA1h18O7OliXtAkX0uN26InuAohPIk7w/LNlzhruA=":{"valueMac":{"type":"Buffer","data":"FtDjJ7EbWOS9EiIdo7lFg2H7I176hsnQc9yD/GgNQFE="}},"ZyYWUR/5Y97w1cafHQ+vGrcYriTOvlTXgRKyKnt61Ng=":{"valueMac":{"type":"Buffer","data":"yFhuRp/UmB9dN8lYrGwECQpfJT7aC/Z1SyuohH3awuI="}},"aurP9nxMjbsJneD5ycw2B3eWvjZIdP5UX2wLyG6D4eI=":{"valueMac":{"type":"Buffer","data":"bOQKgvSwi1T+E7Y4BjG/klaZr1iMfQh4ZqZ0I5gqGRI="}},"av8sFnOlp0AJiXHmvUznHSQC67HDSRx7GBMZrDi8Ytc=":{"valueMac":{"type":"Buffer","data":"+nSNZzaOR6NyaK9jLj8LXsCLYxrLo91Bc/Daia+Vebc="}},"bCXuYdz+/dXqU+m42tZxlgKFe8SZeSC6F9Do/GihsXk=":{"valueMac":{"type":"Buffer","data":"nkg8JMtAjD5SbRlLt8hg7tk4kKOqHtwqYU4UMKJHyzU="}},"bdc/KUXWY9H3kKascEPYP7EnP7rprwMyxXhUCoSrq9g=":{"valueMac":{"type":"Buffer","data":"m+4ZtuOBeLezRc8FIKzkQHLUinmtkPQHQSs09isJQg8="}},"cXuP3UIp9iZMKw9ucq3XMXWaVhOvd+y3bRV1Kxmq8tg=":{"valueMac":{"type":"Buffer","data":"Djod9yjAcQnUU5aoLLQIclNN+gxMy/6iDMW5c7Oisf8="}},"cb6HzUPwIT3VqMJhHdQ17WzkvapmbKNNju3RxovSxTI=":{"valueMac":{"type":"Buffer","data":"GhXXjO0OUMHPhL5kUUzoUllI3pldkS6IgyL5fHbuPfU="}},"c1FvvcN7lNaHSX95tDaPMjOZoWaPp0xtAsyDgIRusVA=":{"valueMac":{"type":"Buffer","data":"TnxaiGxRzlQxEA6Nvhi+GlyEZ4wVJfaw/ebp/F9k8J4="}},"c8zN8lXxcwqjzLe/BZH9Gm4u294LrO+y/qjCIUq/vNU=":{"valueMac":{"type":"Buffer","data":"OFgWhVUgwTNDSmqaLcTlXWh2aD6eyDvxKQKlsEG2j4o="}},"dTbeDF170RUtMWUEsdCO250r88FrPwclg20Bt38/tbc=":{"valueMac":{"type":"Buffer","data":"sGbcMd8hi9LgTSeB112d1Yf/9ogu2HGTeA7Wq4gIUlU="}},"dqzG86Zb9bJ9EUTrQpcF+5sjwIKx66cPqGg+AXCF+Jg=":{"valueMac":{"type":"Buffer","data":"b6OZtrEqmxdOliy0gP9qjBzxUB4b6Bc1hNdV7LTcjjk="}},"ekl43nG5Sov/QqCCdcF4LNoRjvnWWuMgCqmwmkmlF1E=":{"valueMac":{"type":"Buffer","data":"zHonHhTWOYf9Uy7D2V5aJN0NbvHLC2K3Feyd2rcHuSE="}},"ezMlabZvyWBUKGzuDTwup2Qbj14LEaaOqpcBYZ59vQM=":{"valueMac":{"type":"Buffer","data":"Y8jXzJB7znjlBDQIGfa+3Lr1fvou3KGwQ9K1o/3zd2Y="}},"e8GhLFHjIJzli3q7Hdtiblu+VfYiE8GXd96CgjlRFMs=":{"valueMac":{"type":"Buffer","data":"rIY/kO7Y5DkfDvYaWMjmo2dTTztEqpWmQYkSKGEcYIM="}},"fMATRoBDbuaxT2AIqkRfNFXlr4BVxNjlwvdjdw+hqnY=":{"valueMac":{"type":"Buffer","data":"y2gKpbXoFxgaUBskyXZCYDuZ05FHkdsPO/thQcJjVbE="}},"fTPfT5px+NIfe4sKNZujoYzirqzvs92/FwQx+xruDDI=":{"valueMac":{"type":"Buffer","data":"QxzBv/EEjHhqZc7jM/yxozDrF/i9LvUXtn76Aq8DkLw="}},"fg67Q5GuJRjW643Vv8xNTq0AB+ERbxZDmvNafw2JtRE=":{"valueMac":{"type":"Buffer","data":"WxpdHY7K3H3dCOFnzlw03LZBbA3adyzBbaSn206lwc4="}},"f/HxerDLHlsz4aZmf9XrMHGnVMZeVJ8g4Qw55FVFbm8=":{"valueMac":{"type":"Buffer","data":"IJUJKIEnDHBQBzR0tyYGBpesBU32EtvZbmfCuvlGEqM="}},"gA+L2jfe2Mp1xxHKCYLBtIRXYoKOVPy/aFxW3vSGIbE=":{"valueMac":{"type":"Buffer","data":"cSEYgKUoUUMIxabmLy5305qutXjHOPW13NMykN5md4E="}},"gUxjHlBaKuAklnBYd4qunrlDM6ptZU1+sb+9FKE8qUI=":{"valueMac":{"type":"Buffer","data":"W1Qm7dszxw7KUuILmj/blnrvqOt/9TYLg4BwvhfeMNY="}},"gkYjqXYv9eUYSNbVONP1EQlOCelfQTiw3PimbqzlG4E=":{"valueMac":{"type":"Buffer","data":"YoyxT3qhDNze04Q1yE00t/3pq+cyj3Pp2u6rxeaS+eM="}},"hXWeNMceIySkiMCFRaJcCF1L0rBWwK70kc7GutUCtuA=":{"valueMac":{"type":"Buffer","data":"wX8AA2YPbjeu26Bqb7I2R7XDGzBoeU4lP2Sna2FJ8ms="}},"hmpvLYGeXH48Gyxvx/6fxk5Mh9iuvEQi6r/s8sN80ew=":{"valueMac":{"type":"Buffer","data":"17ISB/a8qdSl1mEyh3fMd2WAnsocuTx2HW8CKsWiyXQ="}},"iR173qWopRqcpxcC0oZxo8JsswsX1FTG4jJMr9CfCnM=":{"valueMac":{"type":"Buffer","data":"n4TksF100sb2nkmHqppSULPBGW1oQYVqH/xnJCG0ofc="}},"iztze2rey2cieNLT8gcd86gihAqVFBfZJf4SoY/O+3g=":{"valueMac":{"type":"Buffer","data":"jN7xOH5nd+HWKYu0ztHm29qfgxKzzd4bBemgWx3mCX8="}},"i2ftAhHtA5vxi+VFDz/xH3AAVrgRRx+CLD1dSo7et1w=":{"valueMac":{"type":"Buffer","data":"ryWvD4ly1JBIRFHdg14bOWo8u6COGIj+bt3mBc2/5/Y="}},"jsZTrVFG4zjDVuQkuR5Y1YbhyhvojdRl0Lg5qUqvhkU=":{"valueMac":{"type":"Buffer","data":"WC3a3GW75V2Ldk1CUhORL3Jy7MQq/N1LK4e6n9BC/zQ="}},"k7be3uwAUBUNVgDoIC4UNxJDWtcMjGhG6ubrz1gRCXU=":{"valueMac":{"type":"Buffer","data":"3jbzY/NZk1ZJ90f4cXyEZlGwSfJSOhWsKjAt8f6/7g4="}},"l1X3K3w2W61q7IcTqAYo00KMopDs+eHcMYQ3rbGJkZc=":{"valueMac":{"type":"Buffer","data":"nvJ8L5usC2XfT9INa1ubCqFooNNOEADTZStc7GF1V8s="}},"mNgq9g094/JsdO/J7Fz+c6Beqo7GLOMVO1dnUbozZK4=":{"valueMac":{"type":"Buffer","data":"8xKU1mpe8VAC4SgYIn9jwEAJ9JsW+6hdqR7YFeIONYM="}},"mvvTjPORqYPhw79ysACiuTUP+LCYel8DOmd0WoJlKTg=":{"valueMac":{"type":"Buffer","data":"lKYcC5uJBYAfg4Bc54w8cqKKuuR8RFlF9JjzAlhLIDc="}},"nXGyklWNqOu7Ryr6wND35/sPYO9/V/zxzQVX/h9AYNY=":{"valueMac":{"type":"Buffer","data":"Wp43IrURf/PAF9TWnG4da6YlwRa0JoYD0lMGcuB8z8M="}},"oSsjEwcu0v3yYkMl8+D4KwTbAOQ1uhDc7GhLMsTT3J0=":{"valueMac":{"type":"Buffer","data":"GVVM7UMF+w89uRP/HUgCRyFaJLoxKObS2CnSzIasYfA="}},"omacfWlkEulSGb8p5XyPNTqABaatDHBn8zMFP2pdreM=":{"valueMac":{"type":"Buffer","data":"faEVyxkDGaierC7CwlZR2/FMFnrR9C8sQTcSc8c2wm0="}},"pQYJ8hmlIjUIvQGQT9mciA11aSdYsd0zf9JVgUBz8Vw=":{"valueMac":{"type":"Buffer","data":"c3zGCiQbshG935NKCEj2/fDFA2UP8NekWgTPsecVHD0="}},"pauoaOdtwsC/1wKYtxKLD+TCz5ubLbfvWj9BOlFYAAw=":{"valueMac":{"type":"Buffer","data":"WqmkJWF/qSnGeRyTW7no/7/TJ0WX2N+VUB0FEouk7H8="}},"qoEFMyzhoU8Qv3dOnc1VdVLhoj7QIGfrTBwVfgD7VQk=":{"valueMac":{"type":"Buffer","data":"q1FkMMZjGWLMzr6QPfVVbpxApNPSlaM/X7awBbeAaw8="}},"quKu9OJ5x+OMy8tVbgnvMnRlM8uY/tiio5I7rTBfhao=":{"valueMac":{"type":"Buffer","data":"V6AljIUmCCulMaa6wBu+RZAJdI7mPw62lL9E8+2ZB/M="}},"qyWcP+94IlvKiI0Pcwflkk9yjDW0smNaaBzOEfOXoM0=":{"valueMac":{"type":"Buffer","data":"FEpKZCRNcYNtSqoqAZXj9ynnZwhRdzBzuQDi5KdhaPA="}},"q4s6Tc42QeLOgc8wvFU2mXHGDrKsjUhfSs2V9Tasc54=":{"valueMac":{"type":"Buffer","data":"Mi0xwLNZGw6+ZnGZY467kPvBnN8IP+DR2x+Y4jLk8Po="}},"q+yscpI7uf5u01SvOOJr6yRHMnPtua20f4J0OhuKFqw=":{"valueMac":{"type":"Buffer","data":"X9akuqrR3Xvfk1JU0HYOXcYWZOycvfA2CjtCnRypsF4="}},"rq/dM7i5Tq7hcvvr/b5EUSwIBzIrIU5AvT23GF5m+Yg=":{"valueMac":{"type":"Buffer","data":"j9KmQiQIy3pzxHGCUojITjMJmy9EqY6bMvApyxK7IwA="}},"sPlGdHo1MRVlzqofoggExsC9F0Srx+nyNiInNXIcSrw=":{"valueMac":{"type":"Buffer","data":"KHQ/JEDGW0eXEW2V412B1lVDhb4WdUwvAtJL4N6V76w="}},"s45q9CYjPEpqPX4YWn0zER7ZGn45oV5b+9a7VTUk8kw=":{"valueMac":{"type":"Buffer","data":"/jbWUouAKyJ+8GRqSAfOE4JubpfLt2gjBPhdWRlnLVY="}},"tfqTznp9NttFl3/N4hmlvM3tIEGo+tYMeM0gS8p0m4M=":{"valueMac":{"type":"Buffer","data":"9s6A+/2klMorEiNtILiSNlNHHv86KTj48g/sXmmlfXI="}},"txLASQeGOZF6h3N8PFQVGLcHly00RhwX7psEHtOHI3w=":{"valueMac":{"type":"Buffer","data":"DJomwDfydTkcz1PJFwY+KeKX9HVfrFdiw/0E+WGP8Pc="}},"uH9t2h0LvBSot7gIAgwkwieg6vKCTEq7zaibstE4FOk=":{"valueMac":{"type":"Buffer","data":"pjvhfdR9Fc/USGrYIe+FovZCFAqTTBPnvdj3hyuymw8="}},"vVdNNf/yTy5BsRgVS6kKAbNafnJjL6Tz6RbMFXz0KV4=":{"valueMac":{"type":"Buffer","data":"kE0psk9E4JY6cX1z6QhyQXjWLmslttmbBdPQtBtF7O0="}},"vf83M3ik8v7A4jsOsCE4K9yOJoDc3deNwAH7Zy9HluY=":{"valueMac":{"type":"Buffer","data":"IibcZRicDXRsbPd1f5CLexTbRuK6TLy7CBD2hfJRIp8="}},"wRhtKy4l7iKqdVOelF06Vj8VYIgwZyYWFeVZlMBW198=":{"valueMac":{"type":"Buffer","data":"TXFhnSlxW5qOelMv1FqQPkauDft3uM9pREDlTZvQZkQ="}},"wY9Z8DmrHvCN1Jb5+7eVGkiyUbV7LM+GPhzEmn3ZoRM=":{"valueMac":{"type":"Buffer","data":"vWaMKx92OFxqX+pWmbf0w+KIy6bhLo05chK/ewF6V4M="}},"wcV6n4mIeGvVdntx+5/coYa0RjTGOFdqBNEqI5di/OA=":{"valueMac":{"type":"Buffer","data":"tHM4DToqZ28KpsQ2Ub5bGxn7Aj7JZm6A1qmp1Z7M0yg="}},"woCC8DvfeBBJcwGuThg6S7T2P0ThZC7q9x394Ns3fMA=":{"valueMac":{"type":"Buffer","data":"XyVD8n/9pRwDBWQpTmaJh6ACGc8y/095I4pWo4RSUSY="}},"xKVJXq0aAdB9upyYg4JbvaGjXW3a2BlELqmQJCVDnEg=":{"valueMac":{"type":"Buffer","data":"kF6A0ZfFFOH4fvhGCl7Gr0a0zywftoiDLuw76A8UFQA="}},"xzWzKcHMCNDH01UAOaAnb4h1ZNxfT0Drd1EgpKkOy8U=":{"valueMac":{"type":"Buffer","data":"moYH95OfCGaPfoebyRtvJF65L7h8xpVZB32wspRoOHo="}},"yq/38SE41H5kIoogotpTSbHUrEcEAJkNLX/6w5HQCNA=":{"valueMac":{"type":"Buffer","data":"xyKyPg5jxFkWVTXWlhtEEhHd4uKdL07kZnITAxTK/WE="}},"zG/INrlyam7L3+Z0PDJMMzVaPi+c7HxloRGVf0Jxzok=":{"valueMac":{"type":"Buffer","data":"jCMn4uTnaHanAuEYGYF0plfRyvwtVyErsCx7boAZ46k="}},"1AO8873CIsL1az34Ch1ySXLaw3yrsM/2IFaSOGm7iAY=":{"valueMac":{"type":"Buffer","data":"jauz9t+uuUUihsARSaXkSDspkHA+51Wge37mYb15FVU="}},"1R3UHLB6jKs8RkfaEvnnR2K1Qk797j2/cMiuaAwhdo0=":{"valueMac":{"type":"Buffer","data":"ER9O6ANETg5is/zztYMcbaCBEKPcnS7fR1v7cY24+/I="}},"1cZ1yKXlrG+F+w9kjooAjgEGte2K+JXXe/ySdoyP19A=":{"valueMac":{"type":"Buffer","data":"lhwRgGg6JVAyiGH7tsKdeg5hBqc+8v+1mPp2YCVtZq8="}},"1vEW4cDrX0Bue9Te10KD4Ag4qaVvoihDfIi4jrVllNk=":{"valueMac":{"type":"Buffer","data":"G50Zxoiw9tlEtCRbt82YcbOFi7errZqXlIY6cYWbia0="}},"18oBJsKNcGXjC0rcNHzwOl1ODhm7koGAYznHDfa8Q0s=":{"valueMac":{"type":"Buffer","data":"BozUSd0plzUrZhbXWtmJ/jgaVfmIu1zd2BHFlInvDNU="}},"2hdY4Fi/qhf76xytvATto6oiA4qrdX2qxI8VsGBgxbs=":{"valueMac":{"type":"Buffer","data":"DhKmmsFaGnznIE69IcNBo//c/MDT4bfpjpcvQJnV2iA="}},"2iCzzOFqdNscZi6gquU1EX+7jKsO1Y84B45kdtfRNrY=":{"valueMac":{"type":"Buffer","data":"Ed+qS/ILCi8Xy2UD2V3qGS/6P/lxMMupMGjzR7hpWwE="}},"232fmJr0cVXP1Y7pEJToxTnPXXpWBjTGWneWir2k0J8=":{"valueMac":{"type":"Buffer","data":"jnubGvRreLuibpSI56nX+olrkHQ9BrpAFs8Gui1I9fc="}},"3Fcdh0Swa3sekvvBeevk+Bbt9jH3d7h0qEKMr22AR2s=":{"valueMac":{"type":"Buffer","data":"4yiaF6wM2ch8cNoEPFnf3i9/8emndER3RqNNB5yIjUw="}},"3vRNU27sq1gy4SCiCGiEp3ZeZaXq9WB3BWc6U99CunA=":{"valueMac":{"type":"Buffer","data":"lhmm+CK4S3sN2P+XcaWZMF63n4ti3Z1dMPyEg+Q+SYE="}},"4IGEm9y6ETaNZm+GpH1amoCBLy2L0O+Lhk+MqzXcACw=":{"valueMac":{"type":"Buffer","data":"8WhM1QhaoIOYRAkatGLVi7ykgIyZ2Nm5mlvSnC11Lrs="}},"4W7ZLE5In1yPo3pquJKuXExHoVxam0lXtnVDB0UVG5w=":{"valueMac":{"type":"Buffer","data":"9DkK0HJnyOm9fESsEzWFbn9FI7qXQS4MXPmXSm0spj0="}},"4qDrZ7EMARHKWZVgsy1n0XE4bkZA0DdDO52eNUhURM4=":{"valueMac":{"type":"Buffer","data":"D6xXE08aqPljl8sIUcVpM+QzFZYH6jNRmMe9K+mpxZc="}},"4wkx7reT/btFhZGIaSZahvB1heLwNQG5h527SeuOUXQ=":{"valueMac":{"type":"Buffer","data":"QQysLSXgbacvW/kreUhdt8quXHHMMbiwgy0/H+hyWAY="}},"5MA1620MQ0dUdOiD8chUf5yYK9q5f4g5mR1i7wEUA5s=":{"valueMac":{"type":"Buffer","data":"iPJfarNbMgNKEg9D3LFErITP2UDeOJ3IljMFOwzziFI="}},"6JfPrDZsUaImFo9KMzt25r1F6uw84EymZraGF9UvEdA=":{"valueMac":{"type":"Buffer","data":"39+wodA0BrTIEM1HYExZ8tGlviCYEeVQB21N5Qz4Tbg="}},"6eYKeIFqTdGR23qhVxHtFzb3tSoSKOO0puT8NvmtCqk=":{"valueMac":{"type":"Buffer","data":"9agPspphm/2GnIgwZdzSr9+yJ661NjltOaL5hgGLN38="}},"6jg0eC7otY2o2tP6wMl/+i+jyRuIAl4o4aCSrSEt780=":{"valueMac":{"type":"Buffer","data":"nXqkWBNK/DaQN9awVUqCEo8J5isZTPLD84fahHBHoZE="}},"69zx50y713BVMf9AH+9r1/r+9diShv4hJ8RumjTM9Bs=":{"valueMac":{"type":"Buffer","data":"zb/1ElaBtpxQrFGlWXOoLXWZ1nkFC9won7eMcLy95Og="}},"7UrJemZZkSdat3oE7fuIihk6btyarqsMEnojC+ALgYA=":{"valueMac":{"type":"Buffer","data":"dBPFJxJ+uWhFVt22hx4ui7+MMRWxLGm7WKPI49dz/O4="}},"7j3zUftL6XYSUtqHBqnW/BzOvK11m5Ej20xRnUfJLm8=":{"valueMac":{"type":"Buffer","data":"x00bj3TerC2HVfUaGZ3KqWyL9UF1A2NLrUeOEGd9858="}},"7mO23bz7KC5GgA20slKEb+aNM/1ifPN8gH2tq9lDKHg=":{"valueMac":{"type":"Buffer","data":"bRCl3jUT/B9FzM+toGMZcicgpzuLcgqIXDgfCRVIOPI="}},"8FdcSZLa1bbuoIXi6ETT1S3t/neyZDYEdachiXdSlUk=":{"valueMac":{"type":"Buffer","data":"lJhweCQ8gn6qNb7wGF5+8D6R16uMAvaioVKKf1echQo="}},"8UsmRANeSmFqu/KjTOrDcIKGBWTAbxakBJAWiDBT1wc=":{"valueMac":{"type":"Buffer","data":"F9x03Kn13XBnk6eC2xFWR/jXTwLRlkpYQHxc8dVPJag="}},"8VYEjHmclVa1xzlOmbrqIPyofOMtgaVlnIGlDSPuGxM=":{"valueMac":{"type":"Buffer","data":"uHzuj4uROrS7ICqufgwl9zjGYoIkB6tO34/WbvngaiE="}},"8v0b1IO79Lj/xUHlndb6rqKqYP1nIYJqgSAPsanlSYk=":{"valueMac":{"type":"Buffer","data":"pH6JZvue3K3mnlnE5WEcvQrIiOnJKrMBgIQS1ReT3Ew="}},"9dxtVCM/MJej5+4/5KEUJ1SWQY3XD7xikjETSBddcUk=":{"valueMac":{"type":"Buffer","data":"5gAHEBeySeR9eTgm6+u34J088d/5ONhWI/VzvheH6sQ="}},"9jWl3NigLGo6bFkLcgU2mn/M2fVUHdQg4WB6v7Gxntg=":{"valueMac":{"type":"Buffer","data":"FoZzRp2LHeL3qmgYMt0wAEJfNwm+kcZOKjbut8ge7FA="}},"9/NW9v+XW7rsrr4oIIX2cMVY2t36aUlA8RZjvDnz3c8=":{"valueMac":{"type":"Buffer","data":"cwliaJ67XGLopjVZfuwFjexaJOiKPHEZVIjizSjNDu0="}},"+ySAXJICksbSSMxwVR8TrzcvefnyKLR1fZHQH6j8Nd4=":{"valueMac":{"type":"Buffer","data":"s/34fXayYu1LU3GhjTg/F/qZoySUFOd6UbHESc7lDUc="}},"+zUeFS5mpuPTZfCG5mYm+sqQVGz5ZjCHiIKegOWAfJc=":{"valueMac":{"type":"Buffer","data":"ztVwxeJNZ1hbUsvQOhlPndJgCllzvWIF5GiTiCNsAcQ="}},"+01UV+Qu+839MMA65swjpBnTUZo1qBytVoAxCFh7euo=":{"valueMac":{"type":"Buffer","data":"F3fViU+ID0JAVM92NUf2ZpCCEndmMoZjXuc6YvGR/CU="}},"/GyvjVSEGFncPYkjTuGpNHGoJvy/zMvm1eOXeOq6524=":{"valueMac":{"type":"Buffer","data":"tQ2I9AmJi8/Gd14p7XYWgK+edthQlcA08rppNLVGrIg="}},"/I+/KTQ501n8Gu5zDP2iOxe9d0+llRqo8YXSC59/Gwk=":{"valueMac":{"type":"Buffer","data":"3RMvdwr7DeH2OjAoR6Tv0IvXkE9KeownXa0dj7DavYY="}},"/yNXgEbrONiVrGtLH+pLJR6Yeo5qL9B4x3pJtMbA7u0=":{"valueMac":{"type":"Buffer","data":"89m0nBbrsg7Lz36FDKI9bUfAxbOlOr+OrLfmLT+Si1E="}},"2gCctuQhPSTalSH0pZSC/pMFPJam4gPsDSW/9CsEj8A=":{"valueMac":{"type":"Buffer","data":"9DRKihgoJUP6RApvwYJQg3Yj8CBrWXE0assxr9QMOqA="}},"kGjGGPngKUjndd34LTFmzxPFlvvL+vvJt7hTwgFyOCM=":{"valueMac":{"type":"Buffer","data":"3oRwcp5ALky769Mc2OoRsyYZ72uosMQRt0Y+qW+OZp8="}},"JXmBwlyWiaFN/ttfvxZp15+JdFTJ+fC0wrR7s5ajdFs=":{"valueMac":{"type":"Buffer","data":"F2XkLPPD3ZzGzn+iaZw1EWR5feSuH+2vcJ34U8y8/Qc="}},"Y/oi0i3GFkVPLJz9HBfUXWk/OF8kdE0xnbeflwcBccg=":{"valueMac":{"type":"Buffer","data":"dUgdZ4bDcj4+jOdt7tw+8cYw6mzBj8RKHNpHKq6ZNco="}},"y13AXrYpg6HI0t+Ff2At5LJ013gq2iOlwscIFibBhk0=":{"valueMac":{"type":"Buffer","data":"PMg85beySARCrUr4gpXvdxpMBSSCyh8whe0BJgZpnDA="}},"fSCIrqwv7Jb+ZOHEdCMfsHXKB1X7mDoT79Vh2CbaL/U=":{"valueMac":{"type":"Buffer","data":"VPxFKxEL+iQ89CouwSxX/uOnVSpa8yA2cZt66+CQO6w="}},"VYk7iK1liHXCUs59r6xaBSxig6NbqNZdxbzw0G5m9oM=":{"valueMac":{"type":"Buffer","data":"UJti1JzR0RxGuTPL4HrPaFuNY5Dpdp6LZJpeXCUg6Ss="}},"bh/niF5Ezc5ty0ThZPGneBikvFYDA8VaEdNBiq6Q8uo=":{"valueMac":{"type":"Buffer","data":"S0twB5m12/VmyABKnaiRm54yQUT5DglrJi5mHTkzRag="}},"mF/eYIvMjbAOEDj+v+dgbIwH/52+bLSD04KkL2/3/6k=":{"valueMac":{"type":"Buffer","data":"clzkbBaDqWdZvbYp8Qlr05HEmwEjA0nPYYCm0E+nBWc="}},"e8oQ/h2EHRvXegBkgi2lwPLbHQGr8fAnYiE3YmMK9u8=":{"valueMac":{"type":"Buffer","data":"1X8NOk/VNglyGIdmEwpPo7YGwXW2zf/dRXXC6QRuYfs="}},"fDPsa7ywQqi71/8hjCqoOLJ6XzSckmF1+djO9WbJa4Y=":{"valueMac":{"type":"Buffer","data":"Vr7Km3LB04oDzKsDv0f+27A1w6UwALKmUir8gR3AEE0="}}}}