{"version":41,"hash":{"type":"Buffer","data":"vfTGk8nvfXVYu76UPylyY1Q6ntfIwrxon7R15B0xT0Gs7KtJz2MJJzLEEL7zvwv19PCgyYhNlPwpdJV/b51KNladW+13TeGgJr0zz4rSdVWe/AZeH4BpIN/V7KwLzHx8Evma0pBzXFB6s1FA4TB6Vl0hfHintYfxGnOqz0v0WDA="},"indexValueMap":{"ARMqaAQRPskMlFfYc51lGQBl8CrvuwO0yOL0sw+1Aok=":{"valueMac":{"type":"Buffer","data":"LzqOmrMtK+TsF6ylyvxZJgRQowybBIgqsme5vDD5/qY="}},"B1fl2+2ZOadRPqUFIlyN5HPNV3FEtXW+vY0IACPSFtw=":{"valueMac":{"type":"Buffer","data":"uhNiaLCW05IWMyanbY96ND9IvKDxRWXuQWw7q/RTWF0="}},"DC0rmbWTYwDQ/jCi/l6EE6xviqEQQLWRTgu1Je/XN8Y=":{"valueMac":{"type":"Buffer","data":"L6ERL/pu35e6W11m2BLNnlC92Ax0mptIfnaZpQk4XbE="}},"Gc81PXE5NYR4LxzxEWNZ178miZg+e4MXt0KWSZylbBM=":{"valueMac":{"type":"Buffer","data":"SOyUHVyhn3Sk7P3LIllWm93AdCzF26dj81QdvxA67ik="}},"GzBVyq5DCBUZ7MSwK7aXusCmmHDJleXUH2MPupnX864=":{"valueMac":{"type":"Buffer","data":"5mS/gGNALl8VdG5K8AcwHIlqZEqATmfPa83WTabsfG0="}},"G6ATcYBpl1y6mHNDguwI9tJbkmUW5Pybc3KN/5WNLbE=":{"valueMac":{"type":"Buffer","data":"z4wV1GyCvT8oOhx/Ye3seOE2TtLoD0hysXAS+DM1xhk="}},"Ho7k7svl3lutVQjELhWo3v7yUgVFMJrFMnS0UnUoJtQ=":{"valueMac":{"type":"Buffer","data":"Uq1Kx7QDCOzOQ/T/nIIFfVDUJsR2ERfZRGQoe17PgYE="}},"IAey2203o5weaRe5lhRYJw3jKmChDoAFl6l5Mwwq3+I=":{"valueMac":{"type":"Buffer","data":"fuxajfadCzLwdUh56rP8o1XgGYWZIMx+COxfBXtpX2E="}},"IgKwN8gEj2SI98jHui1U49Mi2ymBHXBNESMZS4IM6Ak=":{"valueMac":{"type":"Buffer","data":"ZpYvPb7dqpor6g4UOXcCyrrsmi2MuqvPz7nvnpKVq8I="}},"KFM+qpxxcrMB0phL74pShvFxpWPkEj2GA7gK2XczxPo=":{"valueMac":{"type":"Buffer","data":"paNCLV2Y1Foggedvn9KGMy0mbpN9tiXdIO1UQ+HzJwU="}},"Ls/HJ7gOEQ6yU+YXon8AJSNY3f3H4oqpIczntbNeJtU=":{"valueMac":{"type":"Buffer","data":"dcvXBPT3CXcyBV650QEy6jP1nJHLvJAlP+oevQahCZY="}},"NCEEVdr8+/Xr/UrSXgaHzBJjoWxSaasFIDpo9LtEJK0=":{"valueMac":{"type":"Buffer","data":"xyoS4j1V3GuLERnFjtxG3VTiBVnhdr042HDz2Lnvd2c="}},"NelEZQTFahbAsa8sIXhU2bljNfJXFpRm9i0nlGwgXzE=":{"valueMac":{"type":"Buffer","data":"q+Be3HQXfLnIi+wMxTWKpKHaq/m2dKdAyB1nrPvxSKg="}},"N2ZoU7epbKIuTBWYXKjf6tTQst5p7Pw1Ie0EGbTvqqY=":{"valueMac":{"type":"Buffer","data":"ReTGB+gvd0NWuVqbUbU0UpYKa760CrkWqOVZAL9L4Lc="}},"N8gPs5vi/KYuJCZISTxvHecIGqKayQJ8V+hXGVhKF78=":{"valueMac":{"type":"Buffer","data":"wIypnG1rNfO4mUcdcT0fqXGXgUV3ukzD8Ah9/6DYsBI="}},"TwjgCnfOmWKwSlrjXkibdMZWoK1GVpy6ff+lm2wADy0=":{"valueMac":{"type":"Buffer","data":"IeCX2DfIOGQ0pDD6oC2VcQ/di70I80f/3EtfE2B5CFE="}},"TzYlVmQm7/N5mzX4o7DkiXA3SNkqFMU3nERNDL6mCis=":{"valueMac":{"type":"Buffer","data":"KQ7oyh4W68m3i4GfS8x8++YZ6kGavc7Kinl1Eljkae4="}},"Uwc+NW/X9YG/Vu0cjRB4saDlvvv6c9+rIazQhFWCGC4=":{"valueMac":{"type":"Buffer","data":"EVbVhh23rao8oeWu9fKnV42avuW0V4j8jMeFAi2NXuM="}},"W3VlLUZS9c54W7nuWCxSRM3ZEXbPrhtOAJd25j1gV+M=":{"valueMac":{"type":"Buffer","data":"fpZrknmawKxlwvyV25Y0s3n5aCyORG58960N7NTOKDk="}},"hGEY+YzCYhOKOwL/iBHma7/fyti6fFNyTPeTclCYje8=":{"valueMac":{"type":"Buffer","data":"AI7o2j3KecCpryuDbCSuz4SkIKRfKvDxlz+duTAs6WA="}},"i2wygQefUGut0CAu/J7bjP3VQgA82TnBgT7rsfZyk5c=":{"valueMac":{"type":"Buffer","data":"9I3BW9AYReWUXyGaRUctvua3TK7rs3KW0bMXAPr5tgw="}},"ji6MMm/OBBLcfTgOr6LuDXQbaUk7paGEzUdCfPwnI+M=":{"valueMac":{"type":"Buffer","data":"yzbG8J08Gw8m5RXnpIqj9WkeOw65N6NdhWJc0ALajJ8="}},"kEZQvEjFok1LmeeO8d1ONFc/Nw3RGAu2vdF++4cT0yA=":{"valueMac":{"type":"Buffer","data":"VsiFdgJjcs/W4dlAksQAc6IZLp5ZZJvVVaSnZv5TJxM="}},"kTiELZFncqAp4jIgolkjfKf7J6JSV+Fn7YtcC+S4EK0=":{"valueMac":{"type":"Buffer","data":"MoVN5FTB5k2V5rAkSd+eUu/IoilgLy91h0ujTR0CCGQ="}},"nVfnb7Z6HgmbREiPJd7cKjLZeZnv+EO/OUz0V7KXcDg=":{"valueMac":{"type":"Buffer","data":"gdA391oERfh+IEWbwEqSZZdf8cmzPfvxjpb3J4nvkLU="}},"ngG8SH6tirSTpS8w4FeUHoaYSeb++83h1vVDmv+DjDI=":{"valueMac":{"type":"Buffer","data":"Y0144rR+YiRZ1CWzBaDFon2B+mhY5vIhwb15g97PDCY="}},"ninVcSlzwlMDVZTxlQ35eT07AB15i4XlW0nMzXN8kek=":{"valueMac":{"type":"Buffer","data":"I04FsbVu6RB8NRYWcjymonzPhZSrgzbmeRB1SN3UrHk="}},"p+zzqL5fa9iF7AaUyLIulIiEfPC40R/+Lkz1Z3EqmrE=":{"valueMac":{"type":"Buffer","data":"RvTZ3bzGN57TQpDHdd1LM86GWWCuBOkJeL6tLQj+XjM="}},"rJSc2KUeFcMb8cxDHVw4Yp0YQ2xtGN+F4tvH9SV9hBI=":{"valueMac":{"type":"Buffer","data":"TGdqbUGPJjdyxolLlJaKTTqp0eh1AkBRZD2KudPVpjU="}},"r5qnjdj/X7HXkuuIE+Z+ckKjkly7WtntDFSukKzSu2U=":{"valueMac":{"type":"Buffer","data":"J4cNjAyBHd/UOrcm3uiseahwIueKHqha73ejDrg0cF4="}},"r7Sd3iAJYrn/ZapPbCJU6UHIYm2q4dZ9i4jsiNIDduo=":{"valueMac":{"type":"Buffer","data":"vcJGsTwqDSTSBK27LUvVPvzEi3BCzO8NvOX6Gi7untg="}},"skjfGz2FVnmCbw/gN7u84mNR3U/zqYAvPwi+hnXyYUY=":{"valueMac":{"type":"Buffer","data":"xt5wmEpzhIY63o4msITrW3cZpfQ3xVHuZV7akcYe/UE="}},"uzmTR/YjTTxVwPK2xyQrV17MLISj2ot220YkGjmpLK8=":{"valueMac":{"type":"Buffer","data":"4M38FKhMsmGEsZShLfzm53Yy6MqP4PsosNEqDgsEW/U="}},"2ltg94t5nLq8+TJBU+YPIvwla5o3OxBuia8nSBgPf2M=":{"valueMac":{"type":"Buffer","data":"6Qt+otk28RSMbUrnsA1tHjYQrGCqlgc+f22o7YWtfhU="}},"2yCpTaXmiyQ19ZtTsqC1aByJ7ID1f3QDQGZdaC4cndM=":{"valueMac":{"type":"Buffer","data":"VZTSlkPPf4oFkNDNK+NR8qacZ5M2ho7pU2I0DCr6Lg4="}},"22fJnZFMGXoKTI9VfJBYXGJSewUY1E0Diakm7sVk13k=":{"valueMac":{"type":"Buffer","data":"VFCGFr22dXt0mA+8AvUL1ZypecMkS3hf4MzRp8vZ/NU="}},"3DkyWZKVL0U1UdDBhfUfoM0qzm8RqiRXdykpqDfjlxE=":{"valueMac":{"type":"Buffer","data":"EiB9xa9ApCFGj8AABTWUPNfgdFzihUWJL+iGo4zkLBM="}},"4kDE8o6xxk6fUpJPA6oqR2NAtMWVF4BvwevgxJ9CNBc=":{"valueMac":{"type":"Buffer","data":"5ojnBVMErHXQbykcGeEqU6NSi8YUqXurqZsjCzwvMNI="}},"5/YDAYZ2Vfb0yrGHETsRDLJsfbZK0Cm1jxR5tkHkwxs=":{"valueMac":{"type":"Buffer","data":"RJinScJXp2hfspDTLfgfQc7JYri77XbQ239zzmVPKs4="}},"6nQrsx+RTja3D0qeZx+4+nMPQxMBt0qKOfnjEuckFbE=":{"valueMac":{"type":"Buffer","data":"nG873hjdeeVVhSWkGcHfBHBQb8xgJSTcsFZ+sJ+B6BQ="}},"8VwwC0x8Pwv8GAgCHrynID5NfUQ0Mal40uo+0GeN7KE=":{"valueMac":{"type":"Buffer","data":"bBwIa20oWybKIcKK5+8vGdkOHzG9eY9NDmoMDSRxhlA="}},"/U3ND+yf7UHRI+H4kpqh8G2BteVT/oZr7nVHCxa0oCM=":{"valueMac":{"type":"Buffer","data":"6xJohp2Y2ywnp5CosxOnqbznjRgVqSHfaW48OZlqheY="}},"SddfSBiqF3KEALXxu6rpEYhQIDSCvyZvqHgC5d4ipAw=":{"valueMac":{"type":"Buffer","data":"sFJ5JcDYt1m9nGS1Y2QLxdxz+vx9whP+M7MsSWOh1TQ="}},"WfaBFbHHw923fZkoghgLSdScDkzFxA9kUA+wOi8U/8s=":{"valueMac":{"type":"Buffer","data":"HuEckUhldmsPropD1S7MQ6vNIjTDMEiwZnb+6qcM8Xo="}},"7WvibEEjYthKxNwz2rE3CxXOTsfdrD3589x5ZyY0fi8=":{"valueMac":{"type":"Buffer","data":"gPXHSn1gyclI0q1L7EAwnWmx0khefNCns8kB2Gmeuqg="}},"8zjBOzoiNQZVGdp0V0xER6vzeeoGEh3ij15lM25DoS4=":{"valueMac":{"type":"Buffer","data":"iIU1/8KuFNTQjgGqpRDsxlccOhnoipBKHa1ZVK8REmc="}},"ruyz2QMj2wo37suKz0c3jdRS6xqEFkRJn8pMGYXsDYQ=":{"valueMac":{"type":"Buffer","data":"YuL7JGMK8gNRxgJenaG93g8W15djOhnQ1cPZ2Y1rOl0="}},"Dw2MXqBap5VEQlWsOY8Pvei4VSv3VuN73p3FxIUp3EE=":{"valueMac":{"type":"Buffer","data":"4f9K/4rCM3ABcj22+KJFTcoWZGcfv/Ce6WSL5FRgRMQ="}},"xE9JYePmwCE72AeSLPFZdUoLSs9P4G3rM6JJVw2TMas=":{"valueMac":{"type":"Buffer","data":"X0uq/vw67s7twUo5GyauAle44EgBj2quixLOu3GbO8w="}}}}