{"version":17,"hash":{"type":"Buffer","data":"Qxi/Fo/wdr9PpkdYwzkqXE850+a6o6NwpJ7F8vEujKLuupZrAslnEhpBsBWiDUZjYDvmhABhARGn2npzNVnMkHt49rb/Qrhg3hHvmIheHJ+ISxPgSXKp7yyqZjdHM37Tr7oeqyXzZmsbAEdraPiBpFmMVfitTpFsd5GZQK/THuA="},"indexValueMap":{"EgE80cfk2RTrYZHPa9m6zU0falZ21u/HFc+U6AnsOWU=":{"valueMac":{"type":"Buffer","data":"cs0DiA2CjOEKosN5w6V1C4ptWWzUO/LjO/zEDgd2pS0="}},"KA6K0q9Gh9qOw/oYVk33HDMFXcbxdY/dGsJ0okptHV0=":{"valueMac":{"type":"Buffer","data":"sliipvcs8y+GLw8sWdfjzbC03kpKwY15iauzoLhMnVw="}},"Rqz4exi/+0/fX2loLgS7BoQL6W5Q/GMXxp69G0QcUsc=":{"valueMac":{"type":"Buffer","data":"q3IDfK5FJStfkuHxNk7G3Rvyw0Aj2KJC+5xr3ff4HQI="}},"Zwr/OkFQJY8M1YnkzxwO65lgh91tdh2s1I24pY5Hxjk=":{"valueMac":{"type":"Buffer","data":"8FEw3qM8IO2DOYN0d6DNgleQVssf1vxzELR7rgodjTE="}},"cg9uvXi7ryFZZJarSSStMK9l8TbtC6S4tGK8Ap3Q4Gk=":{"valueMac":{"type":"Buffer","data":"vcxQ10n+/VG+qx4W6+mm7N3lLBSDmSc/Fdybq0tg8Ug="}},"c+Ws0NAj3LWMkxd2TvQoGXu1bMvgWBCnWIh/RmznZoQ=":{"valueMac":{"type":"Buffer","data":"pfQmCNkgxvrlRV0QZ1L7mceM3M3V5qXuOR3qJ4GhZuE="}},"eOrBYgObzS8VsZkonV+RzvIQSQBrgXd5kF+oCFsnUYw=":{"valueMac":{"type":"Buffer","data":"Y9d+bp8ksLeEv+J+qz1grTmJiiT3goxb5EHmEVTBJYk="}},"3NPAeXduju0gw5rtp1Ezl+PAWK7oVz6wKAzga199kdA=":{"valueMac":{"type":"Buffer","data":"P9CpMckO1PdtyFvTsnlfC03aL+Qy7EqKClZjfgdCyhk="}},"30698qV7yVGdmQ3hAOJMsxnuIqLCJeg972k/1SatxCg=":{"valueMac":{"type":"Buffer","data":"tvo737yNmV2H17Ln0WiYn0HZREPSbjQosxbXe54nzrA="}},"6YJZQcxSm73NR6Ag8CfFbaDkN/g+OTKBJEjYOj9TmY0=":{"valueMac":{"type":"Buffer","data":"5ZR0O5DHsq/DXKZiDNttdCJQs5w42QJg/0QRKI3Qwmc="}},"7Fg9Y4aS4QIdPDOEwdVP0rJb+cgmUPuz/jwVN7MDBGU=":{"valueMac":{"type":"Buffer","data":"20oLTEQMUMsuq5QzJ3Qt6LXDXKXkIRuLm/YvI+lAHnI="}},"8l/z+mnKb3ElRX1z48LqcaINzfi92XXhTmbGUYl+glc=":{"valueMac":{"type":"Buffer","data":"c3ev0KntlOgT/qQM5MqOVL9zrsvWn2Gvg76XK/JnYmY="}},"/VkFrkrmnXW6F9vnxUFVFhFT/aXG+K3tcbC1mAB7eok=":{"valueMac":{"type":"Buffer","data":"Nwiw785suhMP/AhDwxecDGIWkFAxHQ5FSYZGilHx/QM="}},"IxbGvhphNvYJk0cXH28w181eEpV+7a4whUedN0utP4k=":{"valueMac":{"type":"Buffer","data":"6YE+I6pkCwXFos6E4vtoASu+Qdae5hoVmCjmkLUV23A="}},"wle/0Z4+49vrtqvGbN5rs9WHRMS18ztN/gagPBUDRT0=":{"valueMac":{"type":"Buffer","data":"fnziINjAhG7YqaUrrEWeXZO08dPH3Qfql9RlsHmq5m4="}},"CHMlkb6wRmB60Nyp4OrlHktY0FoULHfqw6Huke2WNVY=":{"valueMac":{"type":"Buffer","data":"GD1REYYW7gtIQazolFGipApnYmpMN5OFw3wF+8ChCSg="}},"ALEk/U1WUafs8Z1X4zI/Tk7y/e2bjs6n2NwYcCS9dgw=":{"valueMac":{"type":"Buffer","data":"zzSoZ4HkiQDR3PYJ1T0q17WDUuq/LixXaceSMgES3lY="}},"LQm8sA+C8fYdJSUZCgROXwkYz21MYY+3uLQ7l72QtGw=":{"valueMac":{"type":"Buffer","data":"56znKxGg4fEVc/zuJbwQsls0xkl2QtCp+WZmJS0LJjA="}},"cuhql8UEZ7E+ZhouqoydsIM1cOdrXVrS7bdHV92Ag6Y=":{"valueMac":{"type":"Buffer","data":"hS/3xzTh98LxaxBwnEG+yDShtQnCJOsaw0sJJ/PSFgE="}},"iX1UVrejhyhlQDplWcFUkdIrA4ELZnAwu1gCkzCBS08=":{"valueMac":{"type":"Buffer","data":"hziIGt4lTZIAqU+PEIoao4mIKyoXhJ+ui38RsJwjJnA="}}}}