{"noiseKey":{"private":{"type":"Buffer","data":"eP3cRIlcXz1w4GAUwEOpnQFvsNtwqsGuyKX8clZJHXE="},"public":{"type":"Buffer","data":"p8FAHDzU0wJZe6QTaVcLcgCiFmHNd7HhjvELHBPcpis="}},"pairingEphemeralKeyPair":{"private":{"type":"Buffer","data":"QLGZZ4a4mC7ykBBr1mMktF9IYYTxJEJkhj3vItC1aHg="},"public":{"type":"Buffer","data":"Wca2O5TwArDaqSTztH0zaAyNT9TbjzJu1wlYvVwArgA="}},"signedIdentityKey":{"private":{"type":"Buffer","data":"aEBAIV5VRsC71wjLjhvM/7wUZ8Tf/Z0YSQ6nKM2ARnQ="},"public":{"type":"Buffer","data":"UQrhacZamG8nfCSxFemEXcxrzBIrEN7+ytqu/QnF+iA="}},"signedPreKey":{"keyPair":{"private":{"type":"Buffer","data":"CAfcMCaTRwr5oy2BbdpFWbRbtTeqlJO+r5x+2vBVRFs="},"public":{"type":"Buffer","data":"2s6rkP5om9JE7Oq9OAe7Tuvc0r0fQO60oVQkoe1HphA="}},"signature":{"type":"Buffer","data":"zxFsOv+ODOlt/unGQNtWEr5/CFq70r0y+9WLD3s+s36mMSf2niABYPDaF3PbrjVp611YeJ7KLTxgAoUTARZOAA=="},"keyId":1},"registrationId":67,"advSecretKey":"jL/0NPMVKuKA62+WXgVvj8Wvqr+gomZ4MTOhZ5cJywY=","processedHistoryMessages":[{"key":{"remoteJid":"51910507279@s.whatsapp.net","fromMe":true,"id":"653C4EDD00F851DF254A06838C80BA14"},"messageTimestamp":1751556396},{"key":{"remoteJid":"51910507279@s.whatsapp.net","fromMe":true,"id":"F16EEE8D735D29A38B0BE5898A2BBFB7"},"messageTimestamp":1751556396},{"key":{"remoteJid":"51910507279@s.whatsapp.net","fromMe":true,"id":"89E7B926B00A3B2C4AE74F79CC3FF7C6"},"messageTimestamp":1751556462},{"key":{"remoteJid":"51910507279@s.whatsapp.net","fromMe":true,"id":"BA391495F2FB115BCE09531D100FB694"},"messageTimestamp":1751556468},{"key":{"remoteJid":"51910507279@s.whatsapp.net","fromMe":true,"id":"F2B166704AB7B91E3EDDC494D66F95F7"},"messageTimestamp":1751556809}],"nextPreKeyId":31,"firstUnuploadedPreKeyId":31,"accountSyncCounter":1,"accountSettings":{"unarchiveChats":false},"registered":false,"account":{"details":"CO3ApZ8GEKDCmsMGGBEgACgA","accountSignatureKey":"poYkIEPtty1GJ1i4/KYO6JRClpiERYtpbq+0JzkaPHs=","accountSignature":"QIenXApWN+ya/ha9CJmYcPQNbiHozyzSYDJykWpplr1toaB7eXKWNy78oMSgxjaqfrYm5DxtYTt4o0JzQQnPDw==","deviceSignature":"UWdKqEg0YkiMcG7qRqinOJznWetsT5zwPIPw4ppQmpQ3sGYfkRi+dQO6kGS6ql7inPG4oVU4Kzn7IaJuD90zAg=="},"me":{"id":"51910507279:14@s.whatsapp.net","lid":"173929213755565:14@lid","name":"Antonycv"},"signalIdentities":[{"identifier":{"name":"51910507279:14@s.whatsapp.net","deviceId":0},"identifierKey":{"type":"Buffer","data":"BaaGJCBD7bctRidYuPymDuiUQpaYhEWLaW6vtCc5Gjx7"}}],"platform":"android","routingInfo":{"type":"Buffer","data":"CAgIDQ=="},"lastAccountSyncTimestamp":1751556530,"lastPropHash":"2V77qU","myAppStateKeyId":"AAAAAMYO"}