{"_sessions":{"BWpGv8s2vqL3xVBG03rStOj97wPlyW2FtTHg05zFOr11":{"registrationId":1046230295,"currentRatchet":{"ephemeralKeyPair":{"pubKey":"BYcCVr+E8V9WYxse17bnG128cs2TEawwhyKNNXTXZ2Ze","privKey":"OBRRsav/MgYDamCgAzsJSlDTwvDlsQGYFwOpjZEynVQ="},"lastRemoteEphemeralKey":"BR/BDmlpU5cGER0vfaCrgz8i4DdtiucM6HC1B9TLytE9","previousCounter":0,"rootKey":"wbFtkp3ollEtw4RJNS4Lg3QU9qZXVKOkEBQFNnbWiPA="},"indexInfo":{"baseKey":"BWpGv8s2vqL3xVBG03rStOj97wPlyW2FtTHg05zFOr11","baseKeyType":1,"closed":-1,"used":1751556678545,"created":1751556678545,"remoteIdentityKey":"Bdsm+C2x6TjfscoVKsR4h7A5o/F5ybNYm55LdqLTtw5G"},"_chains":{"BYcCVr+E8V9WYxse17bnG128cs2TEawwhyKNNXTXZ2Ze":{"chainKey":{"counter":0,"key":"jEo07PAb4wffUrC+rc9X3U0FsZ6NWxUnEC8htrfAwkE="},"chainType":1,"messageKeys":{}}},"pendingPreKey":{"signedKeyId":35,"baseKey":"BWpGv8s2vqL3xVBG03rStOj97wPlyW2FtTHg05zFOr11","preKeyId":5561298}}},"version":"v1"}