{"_sessions":{"BUrBnvL5GFgp54qiBoC7vVY1zTiDrcpj9chB8o/hNrEF":{"registrationId":1969367640,"currentRatchet":{"ephemeralKeyPair":{"pubKey":"BTTvI/StxXCquhlrkvGtkS/1oP8sXsdLgRegRvfNXPMB","privKey":"uG6j9uUSr87U2NG4cEEUp0clyGR7xo+r5Bmx3I/HpHA="},"lastRemoteEphemeralKey":"BeE1geEW/PXRCYfHYgzJq9WivLwvDUeSOHgJfaRtDWg+","previousCounter":0,"rootKey":"GwQb1Ri0QEJgRFcPWXK3ei+YQw4amM/eid1f++LqOro="},"indexInfo":{"baseKey":"BUrBnvL5GFgp54qiBoC7vVY1zTiDrcpj9chB8o/hNrEF","baseKeyType":1,"closed":-1,"used":1751556678737,"created":1751556678737,"remoteIdentityKey":"BT1iSj2B8eUoZIE8aj1I5cQxzGJJC5Y7iurLsapkqhdf"},"_chains":{"BTTvI/StxXCquhlrkvGtkS/1oP8sXsdLgRegRvfNXPMB":{"chainKey":{"counter":0,"key":"JwzJ7rWK5wRvxmXy7TOlvNQip/r2rFdbleUV6pUD3s0="},"chainType":1,"messageKeys":{}}},"pendingPreKey":{"signedKeyId":3,"baseKey":"BUrBnvL5GFgp54qiBoC7vVY1zTiDrcpj9chB8o/hNrEF","preKeyId":5268296}}},"version":"v1"}