{"_sessions":{"BSp+KkPy5C4503BlCaWEQSwnrAK6RX5Oy6mRm93JoYIX":{"registrationId":12662,"currentRatchet":{"ephemeralKeyPair":{"pubKey":"BYAK43/FnKm7imG+CqruEtzihZYqQqDjRc0fy2jI6Sda","privKey":"WC/7DE1ShMVAudLUcbREZemG2yta9vrbeuydalvhImE="},"lastRemoteEphemeralKey":"BVN7+KR+KLj0A6qtKo02FgQmpvwZzXyn7kc6nCrT1Swj","previousCounter":0,"rootKey":"1V+451cy4Vg+DjNRPdHmk3lEdYyfHKaxnzAb8rU6HDc="},"indexInfo":{"baseKey":"BSp+KkPy5C4503BlCaWEQSwnrAK6RX5Oy6mRm93JoYIX","baseKeyType":1,"closed":-1,"used":1751556678956,"created":1751556678956,"remoteIdentityKey":"BWKgeQjNmIUEp+S9hHLpqSenvNSVtqBRZOyiHM6gAmhJ"},"_chains":{"BYAK43/FnKm7imG+CqruEtzihZYqQqDjRc0fy2jI6Sda":{"chainKey":{"counter":0,"key":"qBNDpe4jE9xEJAZItJ7GGXvsaNf02BxE7JtKYr5bNaw="},"chainType":1,"messageKeys":{}}},"pendingPreKey":{"signedKeyId":1,"baseKey":"BSp+KkPy5C4503BlCaWEQSwnrAK6RX5Oy6mRm93JoYIX"}}},"version":"v1"}