{"_sessions":{"BVgf4xiIMX1J0MQ+xCR5rLpwIzxKm3QfME5XCRHzI8NJ":{"registrationId":3500,"currentRatchet":{"ephemeralKeyPair":{"pubKey":"BX7Tfta0KwNrcZCO3yqHJZc/N4u0TJqX8YZlSqFjuFtg","privKey":"yCGjZPk1DAqsr4g/Up6OlYVHboyAoMn2Mqx9jIV5+Vc="},"lastRemoteEphemeralKey":"BQFPfgalWAbfjLEZUs5mhwEtfSUlgeR7CDZfWjjX4TgC","previousCounter":0,"rootKey":"CHzn+g/kGpnYCctYXhpfVHW/WdyvunSkHrVMTivfsDk="},"indexInfo":{"baseKey":"BVgf4xiIMX1J0MQ+xCR5rLpwIzxKm3QfME5XCRHzI8NJ","baseKeyType":1,"closed":-1,"used":1751556679113,"created":1751556679113,"remoteIdentityKey":"BZJK0CtvOAdsnbPG7G+n9nCvZLla4AKZB47EfN6tvW5c"},"_chains":{"BX7Tfta0KwNrcZCO3yqHJZc/N4u0TJqX8YZlSqFjuFtg":{"chainKey":{"counter":0,"key":"r+/iarKerDXjEI9M8YDP8GjTylCWg6wj1oW2bAkCFi8="},"chainType":1,"messageKeys":{}}},"pendingPreKey":{"signedKeyId":4,"baseKey":"BVgf4xiIMX1J0MQ+xCR5rLpwIzxKm3QfME5XCRHzI8NJ","preKeyId":5541}}},"version":"v1"}