{"_sessions":{"BTwTYj1LB+gHIeiCANzMiHKKtjFvCd1UTvWZAR2RvaVw":{"registrationId":1403463432,"currentRatchet":{"ephemeralKeyPair":{"pubKey":"BUZVVPZiFX0eNIVndgrYM8KIE/S7uo42nN8NnYqM1Tcq","privKey":"CL6ISCvQ3YR/pCQdHPE9flpPkwwBmeIvc6zlp17KsGY="},"lastRemoteEphemeralKey":"BRNvJXyEwq5UgbCE+osuAQ1BMTUMzwYUG1urmIo9XJdm","previousCounter":0,"rootKey":"vz71b4FBQw0REkifol2Rh1v1d2hX1gSuAVcxRmrmdJ0="},"indexInfo":{"baseKey":"BTwTYj1LB+gHIeiCANzMiHKKtjFvCd1UTvWZAR2RvaVw","baseKeyType":1,"closed":-1,"used":1751556678679,"created":1751556678679,"remoteIdentityKey":"BegFlUXf4zdO2I6BEAk/H/36AESVK5GdG6A1tyxP/IIa"},"_chains":{"BUZVVPZiFX0eNIVndgrYM8KIE/S7uo42nN8NnYqM1Tcq":{"chainKey":{"counter":0,"key":"ntn2Lekq9jJkxo9R9+KXUGlv8phoI0z80faYhkhysNA="},"chainType":1,"messageKeys":{}}},"pendingPreKey":{"signedKeyId":5,"baseKey":"BTwTYj1LB+gHIeiCANzMiHKKtjFvCd1UTvWZAR2RvaVw","preKeyId":2737750}}},"version":"v1"}