{"_sessions":{"BbaJldiFBj4Pi8ffa/8nLvm8NofrfJ2zLH3ccwQ7ZU9F":{"registrationId":67,"currentRatchet":{"ephemeralKeyPair":{"pubKey":"BVQvwcDe+fjyJ/tBKLXVDGNW5u2DqIIr+TA3lIdS7fMP","privKey":"8GUIWFokaXfoJXkhPsM4KDO3OracTLLsvVBHVu+Km0w="},"lastRemoteEphemeralKey":"BdrOq5D+aJvSROzqvTgHu07r3NK9H0DutKFUJKHtR6YQ","previousCounter":0,"rootKey":"sVqBUFEK1vPr94fVPahtZXhMGt9Tv6ELSnWFH2SK/lw="},"indexInfo":{"baseKey":"BbaJldiFBj4Pi8ffa/8nLvm8NofrfJ2zLH3ccwQ7ZU9F","baseKeyType":1,"closed":-1,"used":1751556678994,"created":1751556678994,"remoteIdentityKey":"BVEK4WnGWphvJ3wksRXphF3Ma8wSKxDe/srarv0Jxfog"},"_chains":{"BVQvwcDe+fjyJ/tBKLXVDGNW5u2DqIIr+TA3lIdS7fMP":{"chainKey":{"counter":0,"key":"/wtSxGuPhC2UjlosIjGeJTqE+wLtkFK+exL+zHA3PYY="},"chainType":1,"messageKeys":{}}},"pendingPreKey":{"signedKeyId":1,"baseKey":"BbaJldiFBj4Pi8ffa/8nLvm8NofrfJ2zLH3ccwQ7ZU9F","preKeyId":17}}},"version":"v1"}