{"_sessions":{"BQzVuF0AEemme0CiiILhUs02eCjX+zJ3dzqWtob6fWIu":{"registrationId":513317022,"currentRatchet":{"ephemeralKeyPair":{"pubKey":"BbVCKl0YTeD98d8Izoi58P5bYR1O2j8IFFcDT27eZY8K","privKey":"2Ak/CeRXiUzEyOZ6IFx3gh+pKX06qCipcwCVyP5aVFM="},"lastRemoteEphemeralKey":"BTFJLy17l7k4kVXa6flCqwZw/Ww4vsjLgyj6WCf5ozVO","previousCounter":0,"rootKey":"frtQZhZYVc3NYaCBpglVnHEmAlZ5oe/LwYPVvI1gfxY="},"indexInfo":{"baseKey":"BQzVuF0AEemme0CiiILhUs02eCjX+zJ3dzqWtob6fWIu","baseKeyType":1,"closed":-1,"used":1751556678718,"created":1751556678718,"remoteIdentityKey":"BRNvlDBux/qbMUnUnVJFwT3oljR1+D8NgSOic27gj8du"},"_chains":{"BbVCKl0YTeD98d8Izoi58P5bYR1O2j8IFFcDT27eZY8K":{"chainKey":{"counter":0,"key":"r1za2fKbSdSCv48u/x8NY8yGdUnaziNg0oak/zIdlrU="},"chainType":1,"messageKeys":{}}},"pendingPreKey":{"signedKeyId":10,"baseKey":"BQzVuF0AEemme0CiiILhUs02eCjX+zJ3dzqWtob6fWIu","preKeyId":10743132}}},"version":"v1"}