{"_sessions":{"BQQ1gMZK90TqjE0AzJX18INEbRL4fiudQb+asZpgCD41":{"registrationId":441228071,"currentRatchet":{"ephemeralKeyPair":{"pubKey":"BfkC46M6OQxBCB+Mzz4zodUEDrnkd199H49jEoP5NjMV","privKey":"aJJQ8hkgn98p3iuabNrdDSrKLRJ1q+U464cKLyrxAGM="},"lastRemoteEphemeralKey":"BesxRyx5ygCdh+m1HG+u6ZYNRGPfYTwlF+eh9nDVbg4b","previousCounter":0,"rootKey":"QHVTx4TSKXaR5c+IA5XrsZPQU6EjogqSjYXu5FLqvIk="},"indexInfo":{"baseKey":"BQQ1gMZK90TqjE0AzJX18INEbRL4fiudQb+asZpgCD41","baseKeyType":1,"closed":-1,"used":1751556678655,"created":1751556678655,"remoteIdentityKey":"BYEaY/4lrqm5mjxwMPGuomLmQ4fymi9SrWeQYK4VL0Yp"},"_chains":{"BfkC46M6OQxBCB+Mzz4zodUEDrnkd199H49jEoP5NjMV":{"chainKey":{"counter":0,"key":"riNPBMdu9mQlRm2Gto7gqIT8F5A/LEcVJJVRZxvTtvQ="},"chainType":1,"messageKeys":{}}},"pendingPreKey":{"signedKeyId":5,"baseKey":"BQQ1gMZK90TqjE0AzJX18INEbRL4fiudQb+asZpgCD41","preKeyId":9976871}}},"version":"v1"}