{"_sessions":{"BZ0aN9JVOePuG1fWitsdLrTqVOP6pLdkZiFoMMZ+kvUC":{"registrationId":189139791,"currentRatchet":{"ephemeralKeyPair":{"pubKey":"BUL5W2rJhswNMl9zPgWeNujFsMVdt+5AIYlHiIlYF/MT","privKey":"QK+7IaTvHAwO8aFkhDf1eX4VDj0McHWE6fexzkfWalQ="},"lastRemoteEphemeralKey":"Bb6UiP9UZKI2yh7/9GkzL9sKDADjshd2JXIsU+Jw1ewM","previousCounter":0,"rootKey":"Rkr1ZKidRLy0ZCCMPusN1oypJqHpdZmfmhtWmjbkRr8="},"indexInfo":{"baseKey":"BZ0aN9JVOePuG1fWitsdLrTqVOP6pLdkZiFoMMZ+kvUC","baseKeyType":1,"closed":-1,"used":1751556678622,"created":1751556678622,"remoteIdentityKey":"BXShoUXStQYeRbv7dpZxnxw6y5ryRjpJypEQJX8D8Zgr"},"_chains":{"BUL5W2rJhswNMl9zPgWeNujFsMVdt+5AIYlHiIlYF/MT":{"chainKey":{"counter":0,"key":"wgCW3gLg5VSDsiJHNfVy7sUMHU5nd88hfjJIO1ThT20="},"chainType":1,"messageKeys":{}}},"pendingPreKey":{"signedKeyId":23,"baseKey":"BZ0aN9JVOePuG1fWitsdLrTqVOP6pLdkZiFoMMZ+kvUC","preKeyId":6924446}}},"version":"v1"}