{"_sessions":{"BQeY26Tcdl0vCmFpm98Xxv7rA1mtJFn+G4vhisVWM50Q":{"registrationId":1579431031,"currentRatchet":{"ephemeralKeyPair":{"pubKey":"BY4Ld7LtsiBaDH1QNTN6fcrIgqqg0U0DL3KE01lwuYUT","privKey":"eLirNGAqs+aVDgFYgsPNCE3BKzC8sHeY2+CxARN1DU0="},"lastRemoteEphemeralKey":"BcAXLkfupDdISzO1QObWVDsR25E4NpYoM94IS/90b7BF","previousCounter":0,"rootKey":"9PuZPF6stazW6h0x2Kl+m3mljmcjD5GaNikDvP3xb3c="},"indexInfo":{"baseKey":"BQeY26Tcdl0vCmFpm98Xxv7rA1mtJFn+G4vhisVWM50Q","baseKeyType":1,"closed":-1,"used":1751556678605,"created":1751556678605,"remoteIdentityKey":"BaYKUOVka8SZrgokN+nLX0lIklUH7/K1MbDWVrwXCsl+"},"_chains":{"BY4Ld7LtsiBaDH1QNTN6fcrIgqqg0U0DL3KE01lwuYUT":{"chainKey":{"counter":0,"key":"zadc705N9o04tNqok+vOOs33RJy3oSpGRk5SReneqQQ="},"chainType":1,"messageKeys":{}}},"pendingPreKey":{"signedKeyId":11,"baseKey":"BQeY26Tcdl0vCmFpm98Xxv7rA1mtJFn+G4vhisVWM50Q","preKeyId":3524450}}},"version":"v1"}