{"_sessions":{"BV7M0uNY4M5tQm/BuSp7fSLFCnSgIE5sOrUDrOVnLEQR":{"registrationId":1449508796,"currentRatchet":{"ephemeralKeyPair":{"pubKey":"Bc9gwr0ERf5jcatZxQgq4ILVrXBu9jmgsEpvWxgXYHQq","privKey":"4BFwqvKckIJ6l07geAoc9+jAc3WsqyvSF8X1EAon5kY="},"lastRemoteEphemeralKey":"BSWTtQ+qRw9eiWlPhKhe6ySwfnF6FPj+r1AsS7Sqhh06","previousCounter":0,"rootKey":"9iac1Rcd9k+gzf6KDs45kq7atMYplZef+eGAHOxA7e8="},"indexInfo":{"baseKey":"BV7M0uNY4M5tQm/BuSp7fSLFCnSgIE5sOrUDrOVnLEQR","baseKeyType":1,"closed":-1,"used":1751556678933,"created":1751556678933,"remoteIdentityKey":"BbH2iJ23iMPLnDtPUSnpwWsvRIvwKbsV2z7MK51h0HEp"},"_chains":{"Bc9gwr0ERf5jcatZxQgq4ILVrXBu9jmgsEpvWxgXYHQq":{"chainKey":{"counter":0,"key":"XW61rZIAbXALIQa+gAsLWSKl6x3leoMYrFLtRp+dWlw="},"chainType":1,"messageKeys":{}}},"pendingPreKey":{"signedKeyId":0,"baseKey":"BV7M0uNY4M5tQm/BuSp7fSLFCnSgIE5sOrUDrOVnLEQR","preKeyId":8147137}}},"version":"v1"}