{"_sessions":{"BarJEBs8swpSvEVbbAmkVctDG5dQzpBxCMFatKdLyrZJ":{"registrationId":606760653,"currentRatchet":{"ephemeralKeyPair":{"pubKey":"BUrCPcH2tYNsRrw2WPErHPTinszazf4TLm0CmUNoYYB8","privKey":"AMj2EZi60Eo35VNt1XE8bxwPNl5JB4gjFJo33ez9IU8="},"lastRemoteEphemeralKey":"BZRKWLWIw9p0ZRPFihaavTh0ledkUhsJvafYZU1yjbh9","previousCounter":0,"rootKey":"GYGmrqa4+Le36DCE7ZBiRSeZqXs0ZewFmnDF6dvQEfU="},"indexInfo":{"baseKey":"BarJEBs8swpSvEVbbAmkVctDG5dQzpBxCMFatKdLyrZJ","baseKeyType":1,"closed":-1,"used":1751556678663,"created":1751556678663,"remoteIdentityKey":"BR6cQuHANgkjHAI66NpepCGT+eKnqvbMUIbJ8BX58jJP"},"_chains":{"BUrCPcH2tYNsRrw2WPErHPTinszazf4TLm0CmUNoYYB8":{"chainKey":{"counter":0,"key":"28Ridlu78eyP85Z7jk+snsvN4RxwHOIPdlEuoxtz434="},"chainType":1,"messageKeys":{}}},"pendingPreKey":{"signedKeyId":45,"baseKey":"BarJEBs8swpSvEVbbAmkVctDG5dQzpBxCMFatKdLyrZJ","preKeyId":14603521}}},"version":"v1"}