{"_sessions":{"BYSDPbKakGP5oPKOlj323P+yA/a2EOR5QLBcr7Wh77Jj":{"registrationId":628768076,"currentRatchet":{"ephemeralKeyPair":{"pubKey":"BasruIxcWCTSSUbZPy0NiykgoUHR69gYQ5qqnUbJMrl6","privKey":"+EOLoWJKhHfPM3BfABQBK0xB7OpxgAObRz9kTxOT6Fw="},"lastRemoteEphemeralKey":"BZ8QGfWf0LMzNwbpXpNrHstMn4NMSXBmF0PjE+gVpiBm","previousCounter":12,"rootKey":"XQpF7WGN/+invrrCrwmHp98y5GyQWm99X8lPFnDMCCg="},"indexInfo":{"baseKey":"BYSDPbKakGP5oPKOlj323P+yA/a2EOR5QLBcr7Wh77Jj","baseKeyType":2,"closed":-1,"used":1751556810314,"created":1751556390450,"remoteIdentityKey":"BaaGJCBD7bctRidYuPymDuiUQpaYhEWLaW6vtCc5Gjx7"},"_chains":{"BaMZ9fDaubRB37BIWqrgP/bX+X1MgrRnKsDRR2HfZeYF":{"chainKey":{"counter":7},"chainType":2,"messageKeys":{"6":"6UFACoWgxXHYjButH8VxoR64GuFSjKAiDwixO3ZvRDU="}},"BYoIrgF70GKHAZ6oZagpQssSnSFNmAiIWDTKArJdhShp":{"chainKey":{"counter":0},"chainType":2,"messageKeys":{}},"BZ8QGfWf0LMzNwbpXpNrHstMn4NMSXBmF0PjE+gVpiBm":{"chainKey":{"counter":0,"key":"tkI8XZV/vYnoDZHxlyonn44OnjArQSD0EIKUt4upWew="},"chainType":2,"messageKeys":{}},"BasruIxcWCTSSUbZPy0NiykgoUHR69gYQ5qqnUbJMrl6":{"chainKey":{"counter":-1,"key":"BpRWkjx8kpakMybCRLjGilFdi1EGOf0agFEHFKCLny8="},"chainType":1,"messageKeys":{}}}}},"version":"v1"}