{"_sessions":{"BQvV1ZxfgfHfgPMWjMDXs16LHrCNT9r2mfCMS/0vsJlY":{"registrationId":1302856785,"currentRatchet":{"ephemeralKeyPair":{"pubKey":"BdcDh5X0fRzK7hlbS0Rq/7JJXM2vo2a1Aw+2k9a6hAJC","privKey":"sOz+K7fWpp/bGVR/iwqmuhHMNP0kzETlRsHvdvDrm20="},"lastRemoteEphemeralKey":"BT5+TqdMyf4G4JC07wBqnwFKtzXRwmDhkR0aVFKEMqxI","previousCounter":0,"rootKey":"1lZWCVseM8yQWbDs1mWiaqvmsXpe/kMogBH7YhJlbkY="},"indexInfo":{"baseKey":"BQvV1ZxfgfHfgPMWjMDXs16LHrCNT9r2mfCMS/0vsJlY","baseKeyType":2,"closed":-1,"used":1751556677947,"created":1751556677947,"remoteIdentityKey":"BTTax3zC4PsYguJ4vryAezcvcfdZQLmjBfr34pohnY45"},"_chains":{"BT5+TqdMyf4G4JC07wBqnwFKtzXRwmDhkR0aVFKEMqxI":{"chainKey":{"counter":0,"key":"R4w0hsxWQK2SwBW2l3VChd6BS2Qd9H/UUMsnxy6FijA="},"chainType":2,"messageKeys":{}},"BdcDh5X0fRzK7hlbS0Rq/7JJXM2vo2a1Aw+2k9a6hAJC":{"chainKey":{"counter":0,"key":"3AE++ThlomtbJGnPTwMA0kmmjygMrXCtWD1LsMYAUQU="},"chainType":1,"messageKeys":{}}}}},"version":"v1"}