{"_sessions":{"BewxMtccsPtwe7YB9Sw5r9raZvFG209EM/u+SB1GeewV":{"registrationId":8329,"currentRatchet":{"ephemeralKeyPair":{"pubKey":"BYLz8Bvm5ra7qIYzHfB9iv6p6JJuE99v292wbC1bdF5v","privKey":"sGWsTOfX9Ad6PVDch/xhmO8Z7wuZ+DQ6awiTSrKNKWc="},"lastRemoteEphemeralKey":"BUPU1z1Shp1+VKgMx98Fin7JX8scJSKeWpgmLDT0+p0B","previousCounter":0,"rootKey":"75cQCI2wO9Clz/8SCrGenTU0HUUIeY+eeJjmFKtzLN4="},"indexInfo":{"baseKey":"BewxMtccsPtwe7YB9Sw5r9raZvFG209EM/u+SB1GeewV","baseKeyType":1,"closed":-1,"used":1751556679045,"created":1751556679045,"remoteIdentityKey":"BdY1ymGskajvLr2snnXbMeHBctCDxXS9xSN0JNJzhaFu"},"_chains":{"BYLz8Bvm5ra7qIYzHfB9iv6p6JJuE99v292wbC1bdF5v":{"chainKey":{"counter":0,"key":"6mfmpMX8IK5m2ekBzDQDWI54G/AlGWAVGrl225MNI4A="},"chainType":1,"messageKeys":{}}},"pendingPreKey":{"signedKeyId":1,"baseKey":"BewxMtccsPtwe7YB9Sw5r9raZvFG209EM/u+SB1GeewV"}}},"version":"v1"}