{"_sessions":{"BaSibP9gAx/I7/xU7UwYb2KtUzdBmw1j8rkcrHOIqk0g":{"registrationId":1587916436,"currentRatchet":{"ephemeralKeyPair":{"pubKey":"BUwOHxKuhuEi8/FH+U4HjXHuWHcBFvYGT6yl544HGM5D","privKey":"KIbUG5Xj03MSbjlngcWjgoRj6aJOtsJfFZr7z+8KQFI="},"lastRemoteEphemeralKey":"Be64tZJXy4P0TQZ0+kxsXEsmH+p/jeRpDDm5R53UX40u","previousCounter":0,"rootKey":"qRTftYYhaH5bEG4x0xEkVzWlWveE5NlpFKcfjKONLKk="},"indexInfo":{"baseKey":"BaSibP9gAx/I7/xU7UwYb2KtUzdBmw1j8rkcrHOIqk0g","baseKeyType":1,"closed":-1,"used":1751556678925,"created":1751556678925,"remoteIdentityKey":"Ba2oVUDhtRCInJxbii2DuYiNSuK1PWn0DRCEozOAssJ4"},"_chains":{"BUwOHxKuhuEi8/FH+U4HjXHuWHcBFvYGT6yl544HGM5D":{"chainKey":{"counter":0,"key":"n6KLq/1Uu3B3ZwHhNJclP9doIKh4P3VV+JOTaPV6IKc="},"chainType":1,"messageKeys":{}}},"pendingPreKey":{"signedKeyId":5,"baseKey":"BaSibP9gAx/I7/xU7UwYb2KtUzdBmw1j8rkcrHOIqk0g","preKeyId":15027265}}},"version":"v1"}