{"_sessions":{"Bd3Um/tv7TuehOAP6pt7ymny8ejKhqImFRfTEh0osW1p":{"registrationId":1700612560,"currentRatchet":{"ephemeralKeyPair":{"pubKey":"BfX8vaEZwNAjbCajwhqGAWU/MIO5IvJ38KO5f3zLWAge","privKey":"gIGYY3d2wA3CCNqmTThEUvoX/IXJt0kZpDhH4UfFyn0="},"lastRemoteEphemeralKey":"Bbz32lAqJ94zSN+mRcMk90CaZ9dx6yEOp21s2i6L6xUC","previousCounter":0,"rootKey":"lkr8HtBeOO7KDwtNblMDc+dTzVqrWW4Z5sNdbB+XmPw="},"indexInfo":{"baseKey":"Bd3Um/tv7TuehOAP6pt7ymny8ejKhqImFRfTEh0osW1p","baseKeyType":1,"closed":-1,"used":1751556678726,"created":1751556678726,"remoteIdentityKey":"BRldEmXYjwghCbJzMqVo0HaoQgFoh9F46UKUXt8B2053"},"_chains":{"BfX8vaEZwNAjbCajwhqGAWU/MIO5IvJ38KO5f3zLWAge":{"chainKey":{"counter":0,"key":"Vle1i2r5crAyc3shiqqMF96dOFB7YfNIVuN3MVgYK/w="},"chainType":1,"messageKeys":{}}},"pendingPreKey":{"signedKeyId":36,"baseKey":"Bd3Um/tv7TuehOAP6pt7ymny8ejKhqImFRfTEh0osW1p"}}},"version":"v1"}