{"_sessions":{"BZ0mS1ROvs2Hr/IM9fEnOrxgpLY4mKvmQDg3aPYCf+te":{"registrationId":2710,"currentRatchet":{"ephemeralKeyPair":{"pubKey":"BU8qw+vek/ijEyDU+VaZvscp+d67XfzOP2AMeHtCIEg3","privKey":"eIhX4Xn2buJ0/f+kRTzyRbO+rgdCMWWqlnpaorXwZ3g="},"lastRemoteEphemeralKey":"BTxnGAlFxA6SE3hBFelScYa5toQ9Z8bqd5ZJ0nhPLmhh","previousCounter":0,"rootKey":"zABRXyiLDH2yX/AwOEZ0lCe0e2gIYUqiZA8b0rDpUdI="},"indexInfo":{"baseKey":"BZ0mS1ROvs2Hr/IM9fEnOrxgpLY4mKvmQDg3aPYCf+te","baseKeyType":1,"closed":-1,"used":1751556679091,"created":1751556679091,"remoteIdentityKey":"BfQqqEgoszY5v8LNaqxeBPgBb2Ir/wGOFium4qCeZ/JF"},"_chains":{"BU8qw+vek/ijEyDU+VaZvscp+d67XfzOP2AMeHtCIEg3":{"chainKey":{"counter":0,"key":"X4Nw/VK3yyKrVb2qadg2427rkS4PWKzOny5cOjAR0YQ="},"chainType":1,"messageKeys":{}}},"pendingPreKey":{"signedKeyId":1,"baseKey":"BZ0mS1ROvs2Hr/IM9fEnOrxgpLY4mKvmQDg3aPYCf+te"}}},"version":"v1"}