{"_sessions":{"Ba0nNjsJEr8fagF0Zc/62C7IpIur4xJeXYpc3u3I6o5c":{"registrationId":725743156,"currentRatchet":{"ephemeralKeyPair":{"pubKey":"BQRObt0JeSm6wKXjkQ1on6l/iA2aGTLH1xdlm+llzq54","privKey":"yApcpcr/1y7lqy+u7lCeSru6lks0aym+QRm0yj+/62A="},"lastRemoteEphemeralKey":"BXaWEYLYbS45OK+J7fJ0jOsfVxbOikQb93i6yi+EP7ZW","previousCounter":0,"rootKey":"t0h2s1NMWMASCcbeZmltIlYYqrTx8eshEPAVTvHFE6s="},"indexInfo":{"baseKey":"Ba0nNjsJEr8fagF0Zc/62C7IpIur4xJeXYpc3u3I6o5c","baseKeyType":1,"closed":-1,"used":1751556678745,"created":1751556678745,"remoteIdentityKey":"BQdq1hwuwRakapR6Zt2XAA9IbaRbnJr/cpl3gGdb8ndJ"},"_chains":{"BQRObt0JeSm6wKXjkQ1on6l/iA2aGTLH1xdlm+llzq54":{"chainKey":{"counter":0,"key":"nHkC3MCt4COmonjB8Cl2lHJmPhxL8ZqjsvOKA7TKyP0="},"chainType":1,"messageKeys":{}}},"pendingPreKey":{"signedKeyId":0,"baseKey":"Ba0nNjsJEr8fagF0Zc/62C7IpIur4xJeXYpc3u3I6o5c","preKeyId":10952500}}},"version":"v1"}