{"_sessions":{"BZ8vbredgYvfP9+a52HgobQVtEzRPPBIkpaNoJW2WmUq":{"registrationId":855665295,"currentRatchet":{"ephemeralKeyPair":{"pubKey":"BZvkbh+lHwDA2GyIlWvJED5kAptm9y0duyv0nFcQLvNc","privKey":"yLcnt6mhS9PGmWrVJpLaTHa0m1t9yRaPTgBmVKy/fXQ="},"lastRemoteEphemeralKey":"BXg4ytnOZJi6XtBaTfzu/8SVjyyl+Ov53cWa6EOWxnoT","previousCounter":0,"rootKey":"ykaYMTWiOBvNeRLh44ObP4fux68en2V329xAjsD9k9c="},"indexInfo":{"baseKey":"BZ8vbredgYvfP9+a52HgobQVtEzRPPBIkpaNoJW2WmUq","baseKeyType":1,"closed":-1,"used":1751556678595,"created":1751556678595,"remoteIdentityKey":"BXUnzTQO+AQCzMWhYvVEhiwXJHM1OMF6Yvo72GwcBplP"},"_chains":{"BZvkbh+lHwDA2GyIlWvJED5kAptm9y0duyv0nFcQLvNc":{"chainKey":{"counter":0,"key":"4QJdjupZ2bKvsyfM+JseXZMa8ZBtuC1qLHZgH6FwLEE="},"chainType":1,"messageKeys":{}}},"pendingPreKey":{"signedKeyId":13,"baseKey":"BZ8vbredgYvfP9+a52HgobQVtEzRPPBIkpaNoJW2WmUq","preKeyId":16460981}}},"version":"v1"}