{"_sessions":{"Bbq5gFTgsDDQTA3srWS9pBLkcCcd54Bdkdc+jIlv7qMq":{"registrationId":828245951,"currentRatchet":{"ephemeralKeyPair":{"pubKey":"BbZRv8mUhY6EL1qoDzwJX4BRDRaxM7iuD4ZliUuipvBo","privKey":"sNgD60kRY12FFHaroD+vtj2VfvTqgQlrc4rhcqgE9kQ="},"lastRemoteEphemeralKey":"BcMxCE7dMGsZ3KV2TmeCk1oGLLFmjnoYtLtKeOIX6qk9","previousCounter":0,"rootKey":"siwbOxPBA3kYWM/DkeSfeLq+wCRUJUepWM61B79qphI="},"indexInfo":{"baseKey":"Bbq5gFTgsDDQTA3srWS9pBLkcCcd54Bdkdc+jIlv7qMq","baseKeyType":1,"closed":-1,"used":1751556678753,"created":1751556678753,"remoteIdentityKey":"BYpFyzZfVPr00QjqrBV+3i7HI8i08Gn3W+jEckbGChVr"},"_chains":{"BbZRv8mUhY6EL1qoDzwJX4BRDRaxM7iuD4ZliUuipvBo":{"chainKey":{"counter":0,"key":"7dMsSSFmVZFNDHzYvKMCdzlzaR/BU2yYRSIJItXISs8="},"chainType":1,"messageKeys":{}}},"pendingPreKey":{"signedKeyId":10,"baseKey":"Bbq5gFTgsDDQTA3srWS9pBLkcCcd54Bdkdc+jIlv7qMq","preKeyId":5256083}}},"version":"v1"}