{"_sessions":{"Bf+gGDNa3JOUjGQMMfK7fjdiGpLkmyGCSHP61mfxKXZE":{"registrationId":1482852825,"currentRatchet":{"ephemeralKeyPair":{"pubKey":"BXOQjXUPnir88oaqcgiupYd1Hthf6hrlqgP2iObbt/tV","privKey":"4MJvIBsu9YKSMZQrHQbSOPJM+WtcZ2LHJSOG57pHT1I="},"lastRemoteEphemeralKey":"BX/DWd4sfNDRT6et2pzYBCb4zW+H8Z/s7D97HN+N5QI/","previousCounter":0,"rootKey":"N4A6gXVpMH0P2cdWGFkoYIa+tVkfJgE4l3lficIScro="},"indexInfo":{"baseKey":"Bf+gGDNa3JOUjGQMMfK7fjdiGpLkmyGCSHP61mfxKXZE","baseKeyType":1,"closed":-1,"used":1751556678550,"created":1751556678550,"remoteIdentityKey":"BTLBViJaAEjRYaYwIxUF618nZmsUR9MrAr7sL/XwDAoJ"},"_chains":{"BXOQjXUPnir88oaqcgiupYd1Hthf6hrlqgP2iObbt/tV":{"chainKey":{"counter":0,"key":"w+O68zKiic2x0piB7glLpIUEIxTbWVkL+xj8NxyuXn4="},"chainType":1,"messageKeys":{}}},"pendingPreKey":{"signedKeyId":23,"baseKey":"Bf+gGDNa3JOUjGQMMfK7fjdiGpLkmyGCSHP61mfxKXZE","preKeyId":12892934}}},"version":"v1"}