{"_sessions":{"BS89OOs12u1MXDOYXKrfvRrD5ZMB/B7u0zgqYjXlt4QH":{"registrationId":87781229,"currentRatchet":{"ephemeralKeyPair":{"pubKey":"BV6aF5fqS9c0xsyRiW+lcIt3lLoRvaIxXkB0ZZb2u188","privKey":"oJtHFR88w2X6iAoaa/zx8rV9EE2EC67teJpq/aIcNkU="},"lastRemoteEphemeralKey":"BWw4b/7WgG3iB+PKvZnKn5UxBd+joYxcXp3pufBXD8Qh","previousCounter":0,"rootKey":"41sxxqlDwm5hHifORxkU5d1NuUtsjFOGdF8Mld3TfO0="},"indexInfo":{"baseKey":"BS89OOs12u1MXDOYXKrfvRrD5ZMB/B7u0zgqYjXlt4QH","baseKeyType":1,"closed":-1,"used":1751556678859,"created":1751556678859,"remoteIdentityKey":"BV+gegqzxOacNMCblPpOcwcEUR7dAYt53yHxQnIAa3Fv"},"_chains":{"BV6aF5fqS9c0xsyRiW+lcIt3lLoRvaIxXkB0ZZb2u188":{"chainKey":{"counter":0,"key":"dOs8I3HTTnu2Upir9G5cKpih63AFRY0d+YoK5NtfTKs="},"chainType":1,"messageKeys":{}}},"pendingPreKey":{"signedKeyId":17,"baseKey":"BS89OOs12u1MXDOYXKrfvRrD5ZMB/B7u0zgqYjXlt4QH","preKeyId":5636213}}},"version":"v1"}