{"_sessions":{"Ba/NCfCk7LfAeBBRhfeTmdHuFKRM8//nMXbOPnxFa3Nx":{"registrationId":1544610663,"currentRatchet":{"ephemeralKeyPair":{"pubKey":"BU6Hg8cHgDpUzZOptXQG/y5NeZBsSr/L/VpO67/stSgn","privKey":"+HHUxulcfD4bOmoOfZSfZegGJCgD2PE5yKK0t5cTtVY="},"lastRemoteEphemeralKey":"BceIUE70tHjZe7rraWtEM/158lfoZwp9tyliMmcPzvkK","previousCounter":0,"rootKey":"ccJ4pDS40q+86GjwCUkYEWcDXNZItm9hfzAib7QiN6w="},"indexInfo":{"baseKey":"Ba/NCfCk7LfAeBBRhfeTmdHuFKRM8//nMXbOPnxFa3Nx","baseKeyType":1,"closed":-1,"used":1751556678582,"created":1751556678582,"remoteIdentityKey":"BZz/d5DOrEtxeMK6SAajTu48i3IQklxMwaGcD4y/BUMB"},"_chains":{"BU6Hg8cHgDpUzZOptXQG/y5NeZBsSr/L/VpO67/stSgn":{"chainKey":{"counter":0,"key":"Ry+bNksovLBhE3urWcSd35rI5ZsUNIXN7Ltz6taD2jI="},"chainType":1,"messageKeys":{}}},"pendingPreKey":{"signedKeyId":0,"baseKey":"Ba/NCfCk7LfAeBBRhfeTmdHuFKRM8//nMXbOPnxFa3Nx","preKeyId":4465103}}},"version":"v1"}