{"_sessions":{"BSKIGi5R84cVcjFJrxOYc0f2DSjIF96H9UYa+fU9XSRd":{"registrationId":1425907380,"currentRatchet":{"ephemeralKeyPair":{"pubKey":"BQHuKNE+UO2cuYvWW1xhrKLft7RK2AO7gd/CNZt1XQ46","privKey":"SBq2rJTOWCE+vbbUk6aJaCn/8y98h5FRmtMZLq66FUU="},"lastRemoteEphemeralKey":"BaatvIrFrNAwRL2fJJteWyy2bXTyW1c6qrxFMVNV8rBe","previousCounter":0,"rootKey":"aARMBZh5ErwTi+r1nWLR7HTlRupBEymIofH2J6o2YH4="},"indexInfo":{"baseKey":"BSKIGi5R84cVcjFJrxOYc0f2DSjIF96H9UYa+fU9XSRd","baseKeyType":1,"closed":-1,"used":1751556678867,"created":1751556678867,"remoteIdentityKey":"BQ6gLI2YZ11ekahvDpv1kwOIIvJ30KENjpWX5h5uqshh"},"_chains":{"BQHuKNE+UO2cuYvWW1xhrKLft7RK2AO7gd/CNZt1XQ46":{"chainKey":{"counter":0,"key":"pHmaKdcfeERvZSu4ELNzryEvC+4L3ZO5vqIJmN8nYPU="},"chainType":1,"messageKeys":{}}},"pendingPreKey":{"signedKeyId":17,"baseKey":"BSKIGi5R84cVcjFJrxOYc0f2DSjIF96H9UYa+fU9XSRd","preKeyId":1788815}}},"version":"v1"}