{"_sessions":{"BaYEt0yWPGNwrzzEv2Hi94qylaAtRza6oPLRFAIU2EAc":{"registrationId":8750,"currentRatchet":{"ephemeralKeyPair":{"pubKey":"BVU0BqP5x/fbVpzPWCQ/eCtZpeJWlargcS5k5jyZHgMg","privKey":"uPsenM5oCHL10zwG18BtcDoQgV/senje6N8zvegIr3k="},"lastRemoteEphemeralKey":"BZCvRRNvOgvymiQxOPEb3X2EBn4pKzZGBRJVegflAuNR","previousCounter":0,"rootKey":"tf9ZIwdorCGXtkOk1yT35ODcQZjqqN+WqhIIrBhwPkU="},"indexInfo":{"baseKey":"BaYEt0yWPGNwrzzEv2Hi94qylaAtRza6oPLRFAIU2EAc","baseKeyType":1,"closed":-1,"used":1751556679026,"created":1751556679026,"remoteIdentityKey":"BUWhaXb3cV0Xgzp7fBc86tPjqBcID8muifD46fHkr21U"},"_chains":{"BVU0BqP5x/fbVpzPWCQ/eCtZpeJWlargcS5k5jyZHgMg":{"chainKey":{"counter":0,"key":"5pqVS7WtUHiXkoB+wXqv6cooqc6aXeH/Shd+j2j2TTk="},"chainType":1,"messageKeys":{}}},"pendingPreKey":{"signedKeyId":1,"baseKey":"BaYEt0yWPGNwrzzEv2Hi94qylaAtRza6oPLRFAIU2EAc","preKeyId":1246}}},"version":"v1"}