{"_sessions":{"Bc91fQm8jifGxdbdqGMisY1+nAg8XZFe+q+wh+wgV+dq":{"registrationId":12367,"currentRatchet":{"ephemeralKeyPair":{"pubKey":"BfmEnGwVcaLdqWL71pbIN/E7i2p3RBBPFbLN0MsAVv9R","privKey":"+JslljRlOhKZnUYuPyMN3A5WEyB8MJ+FbDei6ILrWU8="},"lastRemoteEphemeralKey":"BervmbdIJVPTG9xr1ZrO8A3oHSOeQpl34bD6hNMP4do1","previousCounter":0,"rootKey":"7CZRd/Wy4u6BcgS2/3AnsAndocOz7kZ3usw7zhSn2qY="},"indexInfo":{"baseKey":"Bc91fQm8jifGxdbdqGMisY1+nAg8XZFe+q+wh+wgV+dq","baseKeyType":1,"closed":-1,"used":1751556679038,"created":1751556679038,"remoteIdentityKey":"Bbp1ySDcKnWUgauvPd7bL8sU95vmQp3s49F2Ow01lCYD"},"_chains":{"BfmEnGwVcaLdqWL71pbIN/E7i2p3RBBPFbLN0MsAVv9R":{"chainKey":{"counter":0,"key":"Bm5DN4zBbaF+gto30CpSdPbc5N8IGZQe5AKvV2fv988="},"chainType":1,"messageKeys":{}}},"pendingPreKey":{"signedKeyId":1,"baseKey":"Bc91fQm8jifGxdbdqGMisY1+nAg8XZFe+q+wh+wgV+dq"}}},"version":"v1"}