{"_sessions":{"Bcf7ocAzkH5pBxIQV40zJPaQNmaFw0zK6ankA45vgzk3":{"registrationId":1813910128,"currentRatchet":{"ephemeralKeyPair":{"pubKey":"BfnkzGipBq8Gv1IiD84Lut90Q2EuDtS04SbPhABFgSIE","privKey":"6D0Ljs/BX9+vTygOelzy1nmlCCX893lXjDe2xl3PO28="},"lastRemoteEphemeralKey":"BY6e7c3ee99nQv6R73KrpJ4BtT3fnlgDNOt8kqs0OU8E","previousCounter":0,"rootKey":"tyi0IIjieQqvlG1WQE9hiSzn47UoBC5uVcqyEugd6rw="},"indexInfo":{"baseKey":"Bcf7ocAzkH5pBxIQV40zJPaQNmaFw0zK6ankA45vgzk3","baseKeyType":1,"closed":-1,"used":1751556678941,"created":1751556678941,"remoteIdentityKey":"BdL3wvCZhRIDSYiKnu1sJOQxKeTQ0StNDCmoYA9bbHYq"},"_chains":{"BfnkzGipBq8Gv1IiD84Lut90Q2EuDtS04SbPhABFgSIE":{"chainKey":{"counter":0,"key":"02wS+W8wXzcw1w7W48EtWJ1FSkiCkZpLHOwBV4PtWkY="},"chainType":1,"messageKeys":{}}},"pendingPreKey":{"signedKeyId":5,"baseKey":"Bcf7ocAzkH5pBxIQV40zJPaQNmaFw0zK6ankA45vgzk3","preKeyId":196296}}},"version":"v1"}