{"_sessions":{"BWHNH91Zd4APpgXdBqivGKCVfJjVX7JVsy2J8CKPLYAB":{"registrationId":5971,"currentRatchet":{"ephemeralKeyPair":{"pubKey":"BYtvigbG8WJai0OUY1uBb62EsA9Pz+Kym/IozcvX0x1v","privKey":"wIpITELSDd9y7fTgIJFibxECNq/fZYeJzwMI+Qjy41E="},"lastRemoteEphemeralKey":"BdPIHZQTPwVLNIT/at5Q8ZVFflsFfOdYKe/unpLs87I+","previousCounter":0,"rootKey":"iOLv6rLxyGEQkD7HT/UVhmFtUYZsjM1vIaiD8Egr7Lo="},"indexInfo":{"baseKey":"BWHNH91Zd4APpgXdBqivGKCVfJjVX7JVsy2J8CKPLYAB","baseKeyType":1,"closed":-1,"used":1751556679069,"created":1751556679069,"remoteIdentityKey":"BXmHjXi8LxhrhEi9FbSDZxwKL92FSdCsjgn6krmL5sMa"},"_chains":{"BYtvigbG8WJai0OUY1uBb62EsA9Pz+Kym/IozcvX0x1v":{"chainKey":{"counter":0,"key":"NDW96oSb3kKPrU5oTPP35eCrmewnyUdDlYiy3es+kcg="},"chainType":1,"messageKeys":{}}},"pendingPreKey":{"signedKeyId":1,"baseKey":"BWHNH91Zd4APpgXdBqivGKCVfJjVX7JVsy2J8CKPLYAB","preKeyId":9}}},"version":"v1"}