{"_sessions":{"BfRlP7CxLUFk4WVYUS2LH2D0WpAwIE5N8y0AvmgLhLsQ":{"registrationId":1494772855,"currentRatchet":{"ephemeralKeyPair":{"pubKey":"Bf8ecUq++xzei8MdRO+wp8F4zFhtdmygDG5/shGYSD5z","privKey":"QJawLctn9+JqxhMKmdAvLd9C6C9j0OleUOgCmP028VY="},"lastRemoteEphemeralKey":"BU+wDJZq9/XBVy9SI/d6n89uyLuOHStiD1iID6ViRE4r","previousCounter":0,"rootKey":"AMcdIlWCXA7HRpyG12AZ3cN+vgRqqVcXV5k18aQeVww="},"indexInfo":{"baseKey":"BfRlP7CxLUFk4WVYUS2LH2D0WpAwIE5N8y0AvmgLhLsQ","baseKeyType":1,"closed":-1,"used":1751556678845,"created":1751556678845,"remoteIdentityKey":"BYvLaK2zrwD9QIoInwpQ+/f0lXT2P8Z8Gn+KIUb3B1Bl"},"_chains":{"Bf8ecUq++xzei8MdRO+wp8F4zFhtdmygDG5/shGYSD5z":{"chainKey":{"counter":0,"key":"gISx2gIrtsj2lypqmGYR12Ih4JL7AE5neTfSxuQfo68="},"chainType":1,"messageKeys":{}}},"pendingPreKey":{"signedKeyId":12,"baseKey":"BfRlP7CxLUFk4WVYUS2LH2D0WpAwIE5N8y0AvmgLhLsQ","preKeyId":1941642}}},"version":"v1"}