{"_sessions":{"BWEPoJooB9WxE9tIIc15F1tqDLAk/j71rGdEa0wOTAgc":{"registrationId":2049898413,"currentRatchet":{"ephemeralKeyPair":{"pubKey":"BR4bNlxAcylmkwk4E6jt1yIoeK1ed0vSkPJ0kHnx+qpA","privKey":"SFY/giydDDENEpHyeZ6slg93l5HBcJ3WdllPVqqKPWU="},"lastRemoteEphemeralKey":"BYCUpui/RdlJUW/z0KQRuEwAmWRgaQUnUhdxG20rMeRy","previousCounter":0,"rootKey":"caE0RJ/YNBIxHTYEjOPYEbsQgKcJGOTGqBVv2Pmn/X4="},"indexInfo":{"baseKey":"BWEPoJooB9WxE9tIIc15F1tqDLAk/j71rGdEa0wOTAgc","baseKeyType":1,"closed":-1,"used":1751556678555,"created":1751556678555,"remoteIdentityKey":"BaFf6KjYNqugxbk+pwVt9cB9SKWrnrNcd5kfasMgbLwj"},"_chains":{"BR4bNlxAcylmkwk4E6jt1yIoeK1ed0vSkPJ0kHnx+qpA":{"chainKey":{"counter":0,"key":"fYdcnMFjWORqvyRcO/HYz0Pcm1x86XwtorHHntUoKjc="},"chainType":1,"messageKeys":{}}},"pendingPreKey":{"signedKeyId":2,"baseKey":"BWEPoJooB9WxE9tIIc15F1tqDLAk/j71rGdEa0wOTAgc","preKeyId":14231687}}},"version":"v1"}