{"_sessions":{"Be95IoxnISl/02Y3ECFYYhRH//eXdBclPLWFZOR9JgU8":{"registrationId":779742278,"currentRatchet":{"ephemeralKeyPair":{"pubKey":"BWz9uoL9hYqDxpMy+yY/4IKid+HGHauQibOO7RCsO/p6","privKey":"eInXEULLoALISxDiCEndUZBPSUX0x5sANsbq27w8700="},"lastRemoteEphemeralKey":"BYQPiB0LitGaPviYiliniew9CrSw+nw8shXJVvDku6dV","previousCounter":0,"rootKey":"Har/VbidJ8K9TAZuOh1yGTvQRAs5gcckjPFko9CtLhI="},"indexInfo":{"baseKey":"Be95IoxnISl/02Y3ECFYYhRH//eXdBclPLWFZOR9JgU8","baseKeyType":1,"closed":-1,"used":1751556678638,"created":1751556678638,"remoteIdentityKey":"BYNFg3GupUYuB0b/ipeIxmOZ1gmqYJTKZFNF5FoLC4w6"},"_chains":{"BWz9uoL9hYqDxpMy+yY/4IKid+HGHauQibOO7RCsO/p6":{"chainKey":{"counter":0,"key":"zgDzUusimQL6NJ1NKVi5LKjnxS234+O45ONab0UraCQ="},"chainType":1,"messageKeys":{}}},"pendingPreKey":{"signedKeyId":0,"baseKey":"Be95IoxnISl/02Y3ECFYYhRH//eXdBclPLWFZOR9JgU8","preKeyId":12092863}}},"version":"v1"}