{"_sessions":{"BRy7KwH/ECPfan4U0JInXDOpxq1lYONbLpAt7MWSOxca":{"registrationId":432341755,"currentRatchet":{"ephemeralKeyPair":{"pubKey":"BeoiljilJ8mZbfooBTyk3mfCKN85/TDFGjWQm4sgjgdx","privKey":"cMFMp6vhnSOtOoYXUTDcfBjRN7O3zx62ZgJvN0Fe0Fo="},"lastRemoteEphemeralKey":"BVdVMYWu4dWLhMG7gN3vsECAMBGDVE6XW0o4ztZ2cb8w","previousCounter":0,"rootKey":"hDf5NdiAsqyVcff/KeYwjmD8jHICFz7xcJ8ZxQjTxi4="},"indexInfo":{"baseKey":"BRy7KwH/ECPfan4U0JInXDOpxq1lYONbLpAt7MWSOxca","baseKeyType":1,"closed":-1,"used":1751556418797,"created":1751556418797,"remoteIdentityKey":"BelsdUvDkjLV/OQC4WonwBfGKH9eO8+ZCC9yTcIAhkNR"},"_chains":{"BeoiljilJ8mZbfooBTyk3mfCKN85/TDFGjWQm4sgjgdx":{"chainKey":{"counter":14,"key":"unlqklplDuERNYiIf7ynsatAsAlR30o4px05ZY3/yh0="},"chainType":1,"messageKeys":{}}},"pendingPreKey":{"signedKeyId":14,"baseKey":"BRy7KwH/ECPfan4U0JInXDOpxq1lYONbLpAt7MWSOxca","preKeyId":8327704}}},"version":"v1"}