{"_sessions":{"BXil8vqS0OimwIM9asdH0gLP74BcXSEgvNdvushjbLRV":{"registrationId":690817832,"currentRatchet":{"ephemeralKeyPair":{"pubKey":"BQS6KxjyNDBRMxZwKO1D6IANhNekwVovX5F3dNjtYf0o","privKey":"8PVQDmlnEKYwTYUVq6FOFuHc2/ZE9EgJp0RvSEObK2w="},"lastRemoteEphemeralKey":"BazNpGHNXsFcsuoseqqlA5scFSXYApp67ajF4ZEOedgu","previousCounter":0,"rootKey":"ID52KSlaF0EJNj7NuN75eNWc2JbSNcSFhjCutrvhVog="},"indexInfo":{"baseKey":"BXil8vqS0OimwIM9asdH0gLP74BcXSEgvNdvushjbLRV","baseKeyType":1,"closed":-1,"used":1751556678572,"created":1751556678572,"remoteIdentityKey":"BbwaslS2ZdCdRi+bsbpx0CEAVpffpsyy0PQfEa+vVGlg"},"_chains":{"BQS6KxjyNDBRMxZwKO1D6IANhNekwVovX5F3dNjtYf0o":{"chainKey":{"counter":0,"key":"4RD6VBatnt8TGOY+3SX2ADJLfUFT1MWk55yhaz1uxqI="},"chainType":1,"messageKeys":{}}},"pendingPreKey":{"signedKeyId":3,"baseKey":"BXil8vqS0OimwIM9asdH0gLP74BcXSEgvNdvushjbLRV","preKeyId":4950009}}},"version":"v1"}