{"_sessions":{"Bfv11B++Rr28GFnQQ/XREwcTemZ03at2FB9NsFUVr1AC":{"registrationId":4928920,"currentRatchet":{"ephemeralKeyPair":{"pubKey":"BQInSCylaEJhCYEb/Jw+TDkVmkwWfdGk225VUR0tVPl4","privKey":"eOASYXWjWBqcYUQYBCc3fh3MV2ihGJHxXGq/hwCxe20="},"lastRemoteEphemeralKey":"BYf3OyEovGtCxG+Ef2Mjfaw2x0ACkdBU0yOj7y//wCx1","previousCounter":0,"rootKey":"vtCHH1w6wO4NE+e8iQ7UeICCMKmI/LjmbaAIhOC9pSo="},"indexInfo":{"baseKey":"Bfv11B++Rr28GFnQQ/XREwcTemZ03at2FB9NsFUVr1AC","baseKeyType":1,"closed":-1,"used":1751556678547,"created":1751556678547,"remoteIdentityKey":"BXKjJSjQpVff6Hzntpdg6PX0EzACpo0/6iuYoyN41oZ9"},"_chains":{"BQInSCylaEJhCYEb/Jw+TDkVmkwWfdGk225VUR0tVPl4":{"chainKey":{"counter":0,"key":"POe8Lkst5jbDZuCX1YY/9ZvqoyAsNJ5RBTZO1xZQ8I8="},"chainType":1,"messageKeys":{}}},"pendingPreKey":{"signedKeyId":11,"baseKey":"Bfv11B++Rr28GFnQQ/XREwcTemZ03at2FB9NsFUVr1AC","preKeyId":9162554}}},"version":"v1"}