{"_sessions":{"BRWkKDp+iN7je/7GPyGHVfiOaYRXTdzoxd/06RlEwPM0":{"registrationId":4664,"currentRatchet":{"ephemeralKeyPair":{"pubKey":"BWGs+vrIZwr6+duLNv/9LkdjCUUStShAW8wzJqaYr+4u","privKey":"OC0e0mPkDI0OBkHdVFLYPbz2eCfSoZs8KrdUZ3TuiFA="},"lastRemoteEphemeralKey":"BbDSxC8NevDBrERcFCSYx2sQjdTkazEKCZ1qVGPFUXAX","previousCounter":0,"rootKey":"Da77oxB/xB3/sHCmKh3hQ+1B4AU11OY9FO2PU22YjBk="},"indexInfo":{"baseKey":"BRWkKDp+iN7je/7GPyGHVfiOaYRXTdzoxd/06RlEwPM0","baseKeyType":1,"closed":-1,"used":1751556679076,"created":1751556679076,"remoteIdentityKey":"BZOfS/SH8B8bfY+0Ico3OCG9S6a+bjiDGHMEwyShNA9U"},"_chains":{"BWGs+vrIZwr6+duLNv/9LkdjCUUStShAW8wzJqaYr+4u":{"chainKey":{"counter":0,"key":"xq55aPyPAdcQ9e8av7sXfAnA73yvh0VJzYW2g4OKrWM="},"chainType":1,"messageKeys":{}}},"pendingPreKey":{"signedKeyId":1,"baseKey":"BRWkKDp+iN7je/7GPyGHVfiOaYRXTdzoxd/06RlEwPM0","preKeyId":39}}},"version":"v1"}