{"_sessions":{"BRZawRoMI6PN+9JrXBti+yiGFq4xqDpu2aleNGygLQpH":{"registrationId":277271006,"currentRatchet":{"ephemeralKeyPair":{"pubKey":"BREhJqVEhVQqYX8IqMVEQzPeJWRHOUu6uE2taZxp+68Q","privKey":"EPXQoaldZqYRWKwWmcQ9Nq6cyhxXj8VFlmGEMjrKKms="},"lastRemoteEphemeralKey":"BaLhb7tQNpK11ZWHA4ZekInHdcYP/rWRxbJJ1bhFcxUf","previousCounter":0,"rootKey":"Qdfme9yZ6qn8sh/qWYmB1agTQFdMQXLIkZvX7D+fJWs="},"indexInfo":{"baseKey":"BRZawRoMI6PN+9JrXBti+yiGFq4xqDpu2aleNGygLQpH","baseKeyType":1,"closed":-1,"used":1751556678699,"created":1751556678699,"remoteIdentityKey":"Ba375AdwL8Coq2DngkIPUtj77QN3OpbwGSHbKHH0ZqJ6"},"_chains":{"BREhJqVEhVQqYX8IqMVEQzPeJWRHOUu6uE2taZxp+68Q":{"chainKey":{"counter":0,"key":"p6wXhEOMLbd3+yzrQH2SinZ96Kj/ojcFBy9aVX3CqwM="},"chainType":1,"messageKeys":{}}},"pendingPreKey":{"signedKeyId":15,"baseKey":"BRZawRoMI6PN+9JrXBti+yiGFq4xqDpu2aleNGygLQpH","preKeyId":2409008}}},"version":"v1"}