{"_sessions":{"BbdSO1MQCYwdhJOp3+ApRPSzh92Z6vIHBzur5JAHB7Fj":{"registrationId":398841246,"currentRatchet":{"ephemeralKeyPair":{"pubKey":"BQENb0tBP36kkNhyxtVgwcuemIqPAP3KdhVX4LLEEC19","privKey":"oPOPXvjWc1G1owWkrq5Be1/UwTgavfoKse4kU2BfI04="},"lastRemoteEphemeralKey":"BXYTR4a0h4iThEUybpMLvrNK+CZZGAnTU/5aLRLuql1h","previousCounter":0,"rootKey":"Vkr+4+/DhmDKlT7wwwsFd2fMlUf1fvlmXkbgIf8MVsg="},"indexInfo":{"baseKey":"BbdSO1MQCYwdhJOp3+ApRPSzh92Z6vIHBzur5JAHB7Fj","baseKeyType":1,"closed":-1,"used":1751556678852,"created":1751556678852,"remoteIdentityKey":"BVeWHFDEcPuEVVzHLS3gS62N4dUyYmfoP2kfMue+578S"},"_chains":{"BQENb0tBP36kkNhyxtVgwcuemIqPAP3KdhVX4LLEEC19":{"chainKey":{"counter":0,"key":"8Qq43pF9X3KO2OeYx61uv814kwe0JFUOCBOBOuh3Qc0="},"chainType":1,"messageKeys":{}}},"pendingPreKey":{"signedKeyId":2,"baseKey":"BbdSO1MQCYwdhJOp3+ApRPSzh92Z6vIHBzur5JAHB7Fj"}}},"version":"v1"}