{"_sessions":{"Bd57W0xodTPWgnFq97X50xe7QZOK4A3dwMz8WIq+cyBi":{"registrationId":1220720283,"currentRatchet":{"ephemeralKeyPair":{"pubKey":"BdT1ZUJMxz4fQtyPHub67JxQIf29ay8Y0HPxihOeI0gw","privKey":"gIbemh9QVwt1D/aTsB+KZHAI49E3l/V/5s79whrne24="},"lastRemoteEphemeralKey":"BZdruw1molR9zqXZhBTlQNaCs04FC2lw0eMJW3334ZZs","previousCounter":0,"rootKey":"C/dCkmeAf+y+A+OlXVpUUb+Kr2WAICRVqKqmzpsS810="},"indexInfo":{"baseKey":"Bd57W0xodTPWgnFq97X50xe7QZOK4A3dwMz8WIq+cyBi","baseKeyType":1,"closed":-1,"used":1751556678825,"created":1751556678825,"remoteIdentityKey":"BZm9DeL001rHoG0oILZqZKMFlB3JRRTe+E8WIS3wCHwx"},"_chains":{"BdT1ZUJMxz4fQtyPHub67JxQIf29ay8Y0HPxihOeI0gw":{"chainKey":{"counter":0,"key":"+smtGzeWRPc/96Swj9eaTrtKTJoGSMy+/iIRQfkvGbg="},"chainType":1,"messageKeys":{}}},"pendingPreKey":{"signedKeyId":1,"baseKey":"Bd57W0xodTPWgnFq97X50xe7QZOK4A3dwMz8WIq+cyBi","preKeyId":6096379}}},"version":"v1"}