{"_sessions":{"BXZ5JSazruM9keTpBOAUeUj/mnTgbtB606fCmUh3I0wG":{"registrationId":696334125,"currentRatchet":{"ephemeralKeyPair":{"pubKey":"BZq3AwLN8SOUcvMLU/GRRoW63rK1c5ZOMPc4FgFMItRJ","privKey":"ENNKl9zkIv2/dC/0PbDYs04dXOqKhSlL7blCVNGxN2I="},"lastRemoteEphemeralKey":"BfDplBCw15cQRlYPyqieGmCvbWr23bePGq3uxnDzaQwS","previousCounter":0,"rootKey":"QowRlczLwSkTcotQMNluHmjvvjWWedqMQv11QOkPEbE="},"indexInfo":{"baseKey":"BXZ5JSazruM9keTpBOAUeUj/mnTgbtB606fCmUh3I0wG","baseKeyType":2,"closed":-1,"used":1751556626815,"created":1751556417371,"remoteIdentityKey":"BVph0D6MCiFZ+1s7RLqISCyktkVzp0CbjjUs5Bn0/fNa"},"_chains":{"BVpBcBRCSxTDHLqGi6pE/sLKYzLnmmtqlhxI5EVKaBgb":{"chainKey":{"counter":0},"chainType":2,"messageKeys":{}},"BXpOGH2SToNzA3Co0Ojo3G0fQTv+G6iFuoDq0rwmQRtp":{"chainKey":{"counter":1},"chainType":2,"messageKeys":{"0":"dDcCbKNhfGAD5U1qBjf6vbggmeidPU3jUBsZSdskRxU="}},"BZFocf/YT9SJSvpSPkiCmsexL7ORHV6zkLmIouuiOI9G":{"chainKey":{"counter":1},"chainType":2,"messageKeys":{}},"BfDrEezbFjslGZDVGtXFRVIp1OmVd+FzK3YnIStW/ZVF":{"chainKey":{"counter":0},"chainType":2,"messageKeys":{}},"BfMUQmg7skbf593Gur/7i2nwtNUIHP/bErapQkb09pBv":{"chainKey":{"counter":0},"chainType":2,"messageKeys":{}},"BQTpnMIgd1cgmhrJgX1Hq7YFNUfyJBU/4nnnJvkiRpAC":{"chainKey":{"counter":0},"chainType":2,"messageKeys":{}},"BREr3+3jnjWI0BUlO9PXWVOGVbSZqyLwqos7KrJuhRBe":{"chainKey":{"counter":0},"chainType":2,"messageKeys":{}},"BSUUAiGlXm2NAUeRvKBnhE+cCCDVvecl81llCJe/d7o0":{"chainKey":{"counter":0},"chainType":2,"messageKeys":{}},"BYUj0eorU2cFTkeqjU7Bp8/X1/Wx/peOULl6Vtn6lyNs":{"chainKey":{"counter":0},"chainType":2,"messageKeys":{}},"BZlfpaP40Z7ihAb4RM7LaHGKg1zeX+0fM9+e2hh5yIIL":{"chainKey":{"counter":0},"chainType":2,"messageKeys":{}},"BRFfXoNvsvvvIQcjylrLXpMbpLfe1Ab45nsD33onaFc6":{"chainKey":{"counter":0},"chainType":2,"messageKeys":{}},"BecvPs5XZyXaAhYgmaLJ226hve7wPlfqnOHPOULn7ZFB":{"chainKey":{"counter":0},"chainType":2,"messageKeys":{}},"BZem2gZVPZIRBTGFijUFJHKHNFVXHs113iBZb+XTYK0y":{"chainKey":{"counter":0},"chainType":2,"messageKeys":{}},"BfL2WxUcujOvbgV4M2yXX/dvQwJKh4EXr3lCQr+PGhtZ":{"chainKey":{"counter":0},"chainType":2,"messageKeys":{}},"BfDplBCw15cQRlYPyqieGmCvbWr23bePGq3uxnDzaQwS":{"chainKey":{"counter":0,"key":"FM/j/KBfiCYB/wZKHVXdnCPxedpbQSC7hzzC4f2X1XY="},"chainType":2,"messageKeys":{}},"BZq3AwLN8SOUcvMLU/GRRoW63rK1c5ZOMPc4FgFMItRJ":{"chainKey":{"counter":0,"key":"147PVFoG0s3LbzHYoCJwBiiZf1zx+9Ivs7RCfpUCutM="},"chainType":1,"messageKeys":{}}}}},"version":"v1"}