{"_sessions":{"BTeufRY1ZQxwKq2G99b4YJdqZ/wAJ/DeiDZF+Hhq/uhg":{"registrationId":1921869855,"currentRatchet":{"ephemeralKeyPair":{"pubKey":"BThmcfmIGn7o/ckEuW8PycyXFSwq5FImQe4FJ+5A76xe","privKey":"mG0yUxNK3ZKNUPt0/i8uiZI93MHqBSOVux9SwSRPmk8="},"lastRemoteEphemeralKey":"BR6k19cnrz9LPJiPIa7CiESw+U7fF43n/MXynF9tPYZ8","previousCounter":0,"rootKey":"zYBMvyFuO9ddFBcucR+juVBuCrDyIW24olZpd4LBarc="},"indexInfo":{"baseKey":"BTeufRY1ZQxwKq2G99b4YJdqZ/wAJ/DeiDZF+Hhq/uhg","baseKeyType":1,"closed":-1,"used":1751556678630,"created":1751556678630,"remoteIdentityKey":"BSedtXquOIdgfb4SstnS4INS/5Z83tZ/SkqhCYFkYXo3"},"_chains":{"BThmcfmIGn7o/ckEuW8PycyXFSwq5FImQe4FJ+5A76xe":{"chainKey":{"counter":0,"key":"/e1xz8Nzqj28dXR/ZiwRJl5UVSAUyBVX9tkh+dF3ryo="},"chainType":1,"messageKeys":{}}},"pendingPreKey":{"signedKeyId":15,"baseKey":"BTeufRY1ZQxwKq2G99b4YJdqZ/wAJ/DeiDZF+Hhq/uhg","preKeyId":14534672}}},"version":"v1"}