{"_sessions":{"BU9Dly1OTHOnDWD1m2DW6PjqKO/1AeuHG5eOP9XzxYot":{"registrationId":4958,"currentRatchet":{"ephemeralKeyPair":{"pubKey":"BaNLahq43hduXS7Wi5mirp0qC7AT7uabShrYuRdyHhQu","privKey":"aEsGLgjriLis8Xz4fU6H+msdhzBoQFmHA5g9P+HqMV0="},"lastRemoteEphemeralKey":"BVXhIas/a8IcYDo1WjzQrci5y/tqHIgCq2Spm7fMe+o2","previousCounter":0,"rootKey":"CHzjiyA7lK7O6vxy58vn4zDfS7HvEyD2iBbwmZged+8="},"indexInfo":{"baseKey":"BU9Dly1OTHOnDWD1m2DW6PjqKO/1AeuHG5eOP9XzxYot","baseKeyType":1,"closed":-1,"used":1751556679084,"created":1751556679084,"remoteIdentityKey":"BXt6C82jtXXAB37ool9DwOIOlX7vPq7W4kuF4wRIMwkk"},"_chains":{"BaNLahq43hduXS7Wi5mirp0qC7AT7uabShrYuRdyHhQu":{"chainKey":{"counter":0,"key":"sqFx+dE1BpDV1G+tr21YCaxnVxu5p0mgP6AXnHUVJpQ="},"chainType":1,"messageKeys":{}}},"pendingPreKey":{"signedKeyId":1,"baseKey":"BU9Dly1OTHOnDWD1m2DW6PjqKO/1AeuHG5eOP9XzxYot","preKeyId":770}}},"version":"v1"}