{"_sessions":{"BcJQgTA1oM5yAysF2Y7yTUh8Z1OY8wa5FCajReUu5vNm":{"registrationId":66,"currentRatchet":{"ephemeralKeyPair":{"pubKey":"BYRebk2ar7fGkUWR4YSK6l8KWgMBdRwsxrfU8Fu3qoom","privKey":"CMDU7Eb6XPx/4GBgW1HrosfO4uKGCLvbvXUOEp+NtlE="},"lastRemoteEphemeralKey":"BZD/o/lINOQaSbmFjm8LSDi/UYeGgHYE8s/Lh0xvmnQj","previousCounter":0,"rootKey":"pawS/ivStSjSpL0VX+bUqc95ikR1cLOKQx1/ASOXU2Y="},"indexInfo":{"baseKey":"BcJQgTA1oM5yAysF2Y7yTUh8Z1OY8wa5FCajReUu5vNm","baseKeyType":1,"closed":-1,"used":1751556678986,"created":1751556678986,"remoteIdentityKey":"BQn2h8JFf4HKZNV2I1DAUAOUMQo6fVaEbL1E8PFtNEId"},"_chains":{"BYRebk2ar7fGkUWR4YSK6l8KWgMBdRwsxrfU8Fu3qoom":{"chainKey":{"counter":0,"key":"bBvVb0uoWEclEO4GmXJzJ0ugC3kqcFd1LFt51UZsrpA="},"chainType":1,"messageKeys":{}}},"pendingPreKey":{"signedKeyId":1,"baseKey":"BcJQgTA1oM5yAysF2Y7yTUh8Z1OY8wa5FCajReUu5vNm","preKeyId":21}}},"version":"v1"}