{"_sessions":{"BetmiyxifOCAhiktcNEhrYAFmNpMzijf5ix5fdXiTVYR":{"registrationId":13930,"currentRatchet":{"ephemeralKeyPair":{"pubKey":"Ba62BUSJrHzPLWbiWRSj06WETRY/eUEIOluQKe6wZM45","privKey":"4MdWYfHe5Uqa8F66WLUxgLOvwD+ofzxNNCf9hIAsz28="},"lastRemoteEphemeralKey":"BZjaIT51jtir73EmDSXRF+ypAC+75iFdGeSUYs3leTZ9","previousCounter":0,"rootKey":"S/i4T2VzeMmXZ1xylhz4lmaU/X+5j8pxq7aVRyC0poI="},"indexInfo":{"baseKey":"BetmiyxifOCAhiktcNEhrYAFmNpMzijf5ix5fdXiTVYR","baseKeyType":1,"closed":-1,"used":1751556678999,"created":1751556678999,"remoteIdentityKey":"Ba75yqC/HBznHwi878EeFHAZWcAXNtoz25hTsjVykeEg"},"_chains":{"Ba62BUSJrHzPLWbiWRSj06WETRY/eUEIOluQKe6wZM45":{"chainKey":{"counter":0,"key":"I5VC2nfw40RXUJdIiEctj7VVeg12PQlV4OJbeiV5l8Q="},"chainType":1,"messageKeys":{}}},"pendingPreKey":{"signedKeyId":2,"baseKey":"BetmiyxifOCAhiktcNEhrYAFmNpMzijf5ix5fdXiTVYR"}}},"version":"v1"}