{"_sessions":{"BTt6Cdu3fa7uxxi1eNoqYrCq8V3vSSPUEgueZ7h16WQi":{"registrationId":1755370993,"currentRatchet":{"ephemeralKeyPair":{"pubKey":"BZJuVHuhenDyMaIk3YcOsKcdEIrB9/q0CSG2prM4iTdx","privKey":"yDJt4N1kxGDNAiMK3epLR8Ih/K2yepiKxR6ONkmO8HM="},"lastRemoteEphemeralKey":"BYIj1JaWT328LWpCc5Wu0UBwYvMVoeMPbhhX2KTX0I5b","previousCounter":0,"rootKey":"T6G8gTusH/nyutN2145zVNtA43LcTpE/8h0V5A+dhhI="},"indexInfo":{"baseKey":"BTt6Cdu3fa7uxxi1eNoqYrCq8V3vSSPUEgueZ7h16WQi","baseKeyType":1,"closed":-1,"used":1751556678688,"created":1751556678688,"remoteIdentityKey":"BSSPR9dKBavRUZPHYFnBSGH1RY5SI+HyublE+MwSjoFf"},"_chains":{"BZJuVHuhenDyMaIk3YcOsKcdEIrB9/q0CSG2prM4iTdx":{"chainKey":{"counter":0,"key":"HRDlYpmUNgvp1C6MWQeB2awQBtdmxt4A8Wco78aWv+U="},"chainType":1,"messageKeys":{}}},"pendingPreKey":{"signedKeyId":1,"baseKey":"BTt6Cdu3fa7uxxi1eNoqYrCq8V3vSSPUEgueZ7h16WQi","preKeyId":16461476}}},"version":"v1"}