{"_sessions":{"BV8nxdqA3/bRNNxHhad1nkY6/I+w04nSBx+iDxBX5dpZ":{"registrationId":100021513,"currentRatchet":{"ephemeralKeyPair":{"pubKey":"Bbm4ua9bqZAxzyWVKI6AHRk2hTco6Xur9NQAYjHIkHpF","privKey":"oHEBA221zCj28BzvjSlH5997mzYpzDId3iUyLohyK3A="},"lastRemoteEphemeralKey":"BUbdmG+Fea7KaOJrIxsva2WGT+UJqMDk0L7MayVPtHBy","previousCounter":0,"rootKey":"PWHZv/E19iVmmK/meq5kcYJHsu6Q0v0pFWADv58QKx8="},"indexInfo":{"baseKey":"BV8nxdqA3/bRNNxHhad1nkY6/I+w04nSBx+iDxBX5dpZ","baseKeyType":1,"closed":-1,"used":1751556678796,"created":1751556678796,"remoteIdentityKey":"BT2bh71ZnVvubT8bdXyfUGcfOh28BohE4hPqh+kNbStF"},"_chains":{"Bbm4ua9bqZAxzyWVKI6AHRk2hTco6Xur9NQAYjHIkHpF":{"chainKey":{"counter":0,"key":"hxZV6LpIWLAZr8xfedKiJ+OhDpqSkdVCXTZITyprTqA="},"chainType":1,"messageKeys":{}}},"pendingPreKey":{"signedKeyId":1,"baseKey":"BV8nxdqA3/bRNNxHhad1nkY6/I+w04nSBx+iDxBX5dpZ","preKeyId":4862223}}},"version":"v1"}