{"_sessions":{"Bbkjkx/eylr5mLbrOmGITOZ7uXOAV45u/1cS4cLRvhwn":{"registrationId":15475,"currentRatchet":{"ephemeralKeyPair":{"pubKey":"BRyA2OJ5BbXSTnIg9WGsQ9zlP5FcS0IQj73RbUJIM8Qr","privKey":"CJ6z5UAT9Ia5RMw07rxcG70Lp2SJOaREkV3CL2xRrk8="},"lastRemoteEphemeralKey":"BeTRP8RYzoOxezvAR2A6fCpcGZkgZdfaTc1Y5frL+XF+","previousCounter":0,"rootKey":"WquwE0fcVtrBMxy76rzttYAW4bhaHEZ9m2gMrFKOlX4="},"indexInfo":{"baseKey":"Bbkjkx/eylr5mLbrOmGITOZ7uXOAV45u/1cS4cLRvhwn","baseKeyType":1,"closed":-1,"used":1751556679017,"created":1751556679017,"remoteIdentityKey":"BVG8jW2KVKpH8x+Ke/bC4lmm7hSsBkgpv7SWDrAis6ls"},"_chains":{"BRyA2OJ5BbXSTnIg9WGsQ9zlP5FcS0IQj73RbUJIM8Qr":{"chainKey":{"counter":0,"key":"QePb2uVzr/by4Ob7OoBnRqJPfSLk5ICrbYb7AuupyVc="},"chainType":1,"messageKeys":{}}},"pendingPreKey":{"signedKeyId":1,"baseKey":"Bbkjkx/eylr5mLbrOmGITOZ7uXOAV45u/1cS4cLRvhwn","preKeyId":749}}},"version":"v1"}