{"_sessions":{"BbiKkglCn7iVMO8esjbF3zGrxO38iZiA402t4tc7KJR/":{"registrationId":392801350,"currentRatchet":{"ephemeralKeyPair":{"pubKey":"BWGndXG1/pOR/uyXNgUhFhRH//JMhh0m0N6TFouTh0tV","privKey":"iIna1VLfoRKLRpulaXAHdhh6baL72RvvmYdLJp1LN1s="},"lastRemoteEphemeralKey":"BYH7zXUee5v4t/dRW3JJatYwkC88plJEESvr2Y3+SowZ","previousCounter":0,"rootKey":"vj03hQ9YA/d0PQbnyjkoTwcTmcWc/NTUrfK0RuyjtGs="},"indexInfo":{"baseKey":"BbiKkglCn7iVMO8esjbF3zGrxO38iZiA402t4tc7KJR/","baseKeyType":1,"closed":-1,"used":1751556678978,"created":1751556678978,"remoteIdentityKey":"BeBQrN1hyumway6MWaKrAXr5Q/THzKhSA8tkjnYpa1wD"},"_chains":{"BWGndXG1/pOR/uyXNgUhFhRH//JMhh0m0N6TFouTh0tV":{"chainKey":{"counter":0,"key":"DjiqVRAgTzbTnf2vAan0ZUc5taXwGDVYps7fHu/QBSk="},"chainType":1,"messageKeys":{}}},"pendingPreKey":{"signedKeyId":1,"baseKey":"BbiKkglCn7iVMO8esjbF3zGrxO38iZiA402t4tc7KJR/","preKeyId":2381}}},"version":"v1"}