{"_sessions":{"BVWI+fFWU8QidNoqRR6PKODDXxW67/3dTwJTZJGblCR+":{"registrationId":1321818065,"currentRatchet":{"ephemeralKeyPair":{"pubKey":"Ba3sHihye4QHYZeiNzWzsbplXVLNF0Q1by2VtkExB+4/","privKey":"oLg8j8M7MnK0hg+oiHVAqyDPf329Ogduk15bGFJ0hUA="},"lastRemoteEphemeralKey":"BSwDZRbt931G4zyvFPaVsQ4DGuSNBn/q6E4LArXYuU0t","previousCounter":0,"rootKey":"A9mp2+kP1SzauV0bf+7qVaQYBgu4Q8cUGiqcdHlbrbI="},"indexInfo":{"baseKey":"BVWI+fFWU8QidNoqRR6PKODDXxW67/3dTwJTZJGblCR+","baseKeyType":1,"closed":-1,"used":1751556678564,"created":1751556678564,"remoteIdentityKey":"BdZWB+mL59k/+9nU2dcnicPldeconU+/wpu1c6KbTN9U"},"_chains":{"Ba3sHihye4QHYZeiNzWzsbplXVLNF0Q1by2VtkExB+4/":{"chainKey":{"counter":0,"key":"LePzzMHWzSs2JWssmS98pKwX3riGwQjJa9gps3q4RC0="},"chainType":1,"messageKeys":{}}},"pendingPreKey":{"signedKeyId":4,"baseKey":"BVWI+fFWU8QidNoqRR6PKODDXxW67/3dTwJTZJGblCR+","preKeyId":9014122}}},"version":"v1"}