{"_sessions":{"Bc65xVsDCjDOoZYcTrqExz0hkdVpdQX7/RwipQJUVVNe":{"registrationId":1312035516,"currentRatchet":{"ephemeralKeyPair":{"pubKey":"BXF7ToQQ0a37T/5G5HSvazlyVuTLrAvY1hXJtQzh+N0p","privKey":"gKKqnibIMAAzjXePSyKsrXQMx6twYieY+YvMjzJ0cG4="},"lastRemoteEphemeralKey":"BQKAlpZBCrYt9G2zU3z1GXuLHtlAk25iSaM8dgLRVNVj","previousCounter":0,"rootKey":"0g/dbAgtNC+kc711zwh5B8MSgt3vs65NrctfIKuNsnw="},"indexInfo":{"baseKey":"Bc65xVsDCjDOoZYcTrqExz0hkdVpdQX7/RwipQJUVVNe","baseKeyType":1,"closed":-1,"used":1751556678888,"created":1751556678888,"remoteIdentityKey":"BVr36yBQ3rHbzDMWYmgu7CvVthS9BY4ZdpL6TM71cq8L"},"_chains":{"BXF7ToQQ0a37T/5G5HSvazlyVuTLrAvY1hXJtQzh+N0p":{"chainKey":{"counter":0,"key":"nGzZd2iGdj7gNzKWZX7M1/6mcFSykASF4qcCnFl9rtA="},"chainType":1,"messageKeys":{}}},"pendingPreKey":{"signedKeyId":1,"baseKey":"Bc65xVsDCjDOoZYcTrqExz0hkdVpdQX7/RwipQJUVVNe","preKeyId":5333548}}},"version":"v1"}