{"_sessions":{"BSzql67ZHb+0gg2VBOXAGjCbXpSa/cNXXwRB9xcLIaRC":{"registrationId":1227285613,"currentRatchet":{"ephemeralKeyPair":{"pubKey":"Bervsgg8wYnZq24MNPnxiHQ9/JT+TXef+wnZm3CFcsYZ","privKey":"SNxkiLlJw9erkTmtW64t9Xj2TtnuMKyAKj2JdOto8kk="},"lastRemoteEphemeralKey":"BYLzPxzRagcc7mzZuAcue8Nuxm8ZsrPjvqImumIgmcgc","previousCounter":0,"rootKey":"BYxJzLcc0d0vDn2Av9++r+HDVJtUIdp9ozQEfHymqy8="},"indexInfo":{"baseKey":"BSzql67ZHb+0gg2VBOXAGjCbXpSa/cNXXwRB9xcLIaRC","baseKeyType":1,"closed":-1,"used":1751556678806,"created":1751556678806,"remoteIdentityKey":"BR1P4J2hsStehq+Ixj8udqb9M8TESFkQg49wac9TmVxo"},"_chains":{"Bervsgg8wYnZq24MNPnxiHQ9/JT+TXef+wnZm3CFcsYZ":{"chainKey":{"counter":0,"key":"o++fO9RRqtWZQ5kXTnYsAXKFgZZiyRVSjayOZrITfMw="},"chainType":1,"messageKeys":{}}},"pendingPreKey":{"signedKeyId":9,"baseKey":"BSzql67ZHb+0gg2VBOXAGjCbXpSa/cNXXwRB9xcLIaRC","preKeyId":11578485}}},"version":"v1"}