{"_sessions":{"BdM/eIrDi2GZVNVyyqOCjcpycoQnRDFq0Qj6/+T1uhhK":{"registrationId":66,"currentRatchet":{"ephemeralKeyPair":{"pubKey":"Bb3RuzCrw498QBdCkNgOtmAZnFBNsSPdSeSLBdxbIRI1","privKey":"YFMQRED3aX5a/bSHFGeVzFufvnqiIZJ+f7Pzzln+D1s="},"lastRemoteEphemeralKey":"BZD/o/lINOQaSbmFjm8LSDi/UYeGgHYE8s/Lh0xvmnQj","previousCounter":0,"rootKey":"Lxn6YWDB55/dN79Kih7gfC5q/cSrDUZflYb282WWcmA="},"indexInfo":{"baseKey":"BdM/eIrDi2GZVNVyyqOCjcpycoQnRDFq0Qj6/+T1uhhK","baseKeyType":1,"closed":-1,"used":1751556418794,"created":1751556418794,"remoteIdentityKey":"BQn2h8JFf4HKZNV2I1DAUAOUMQo6fVaEbL1E8PFtNEId"},"_chains":{"Bb3RuzCrw498QBdCkNgOtmAZnFBNsSPdSeSLBdxbIRI1":{"chainKey":{"counter":14,"key":"Y1Lj7kKINdOLYtK0JjYdIEgeg6vGZNNDuPgXpoov8ak="},"chainType":1,"messageKeys":{}}},"pendingPreKey":{"signedKeyId":1,"baseKey":"BdM/eIrDi2GZVNVyyqOCjcpycoQnRDFq0Qj6/+T1uhhK","preKeyId":5}}},"version":"v1"}