{"_sessions":{"BS+LpzHRRUjA7iHP0k/GnyBfFoHmCz1GztrW0bBBIM9o":{"registrationId":628768076,"currentRatchet":{"ephemeralKeyPair":{"pubKey":"BRu1amPdiaCD510I2UIiobcUXxH3C1RKFM9GCIWxGIBi","privKey":"CHc0VpBKfeBobaIss7dTDEqGid/bCgMcaJ5cv8Ht2Hc="},"lastRemoteEphemeralKey":"BRqOfWmJw1SiOzIFkBRMYNAEqV4QuNELX3M341Zf9Zki","previousCounter":0,"rootKey":"aX6JUlp7gYovtWOUQya1A0xjjzo1Il7yT7fz4h1BY30="},"indexInfo":{"baseKey":"BS+LpzHRRUjA7iHP0k/GnyBfFoHmCz1GztrW0bBBIM9o","baseKeyType":1,"closed":-1,"used":1751556678672,"created":1751556678672,"remoteIdentityKey":"BaaGJCBD7bctRidYuPymDuiUQpaYhEWLaW6vtCc5Gjx7"},"_chains":{"BRu1amPdiaCD510I2UIiobcUXxH3C1RKFM9GCIWxGIBi":{"chainKey":{"counter":0,"key":"LOTP/WXpgNjV9e/4a5DzIJK4V+HCw4aVedIeRv2YCLU="},"chainType":1,"messageKeys":{}}},"pendingPreKey":{"signedKeyId":1,"baseKey":"BS+LpzHRRUjA7iHP0k/GnyBfFoHmCz1GztrW0bBBIM9o","preKeyId":16332312}}},"version":"v1"}