{"_sessions":{"BWStlSs/MHaYsyrg45wBrhox/Q0PAkJwKA+jAUwFy21l":{"registrationId":9362,"currentRatchet":{"ephemeralKeyPair":{"pubKey":"BYzrWgmZVsHa5AZIrWdrbHKpfl/TfzaBcdLRMgxE1vt+","privKey":"IODpdG08Dgb3ra0Qm7aWaPAn+hZDzkYdXWr7x49awV0="},"lastRemoteEphemeralKey":"BcbYxjlHV2CmPX5+f2bNT2N7ToIXFrrpXC/RITRcuIBd","previousCounter":0,"rootKey":"y0oCDU5zU8X0FFWC+FyZ7g0Uy5ySneXhhfRZ+0CyQNQ="},"indexInfo":{"baseKey":"BWStlSs/MHaYsyrg45wBrhox/Q0PAkJwKA+jAUwFy21l","baseKeyType":1,"closed":-1,"used":1751556678963,"created":1751556678963,"remoteIdentityKey":"Ba9IJ7dZhzB0T9RYYGHzzBKVxLtWk72N+xyJKdN6oxpa"},"_chains":{"BYzrWgmZVsHa5AZIrWdrbHKpfl/TfzaBcdLRMgxE1vt+":{"chainKey":{"counter":0,"key":"UXCtV1DESmAMq5XrSnYW9q2K2NcjPIFLqBuGUwr6Rmo="},"chainType":1,"messageKeys":{}}},"pendingPreKey":{"signedKeyId":1,"baseKey":"BWStlSs/MHaYsyrg45wBrhox/Q0PAkJwKA+jAUwFy21l"}}},"version":"v1"}