{"_sessions":{"BVzkoV98S/8DwUGMi7zCjqFP+fu2tnbN550q32d/9KUK":{"registrationId":572083569,"currentRatchet":{"ephemeralKeyPair":{"pubKey":"BYwl9Lpg2HPExMjgwxZIFIl8YW5Hldj0b8UiuGbSePxM","privKey":"iFhCTiJVC1+n8cLtPgLjFomLuAZfO07pkKyzEGHXt08="},"lastRemoteEphemeralKey":"BT6Wy658FSF+CmAqYJnnHbENO3dIBQztAdYZNtltCHAm","previousCounter":0,"rootKey":"ccxM0c7WZdPW4OH3Ftzh8SV0l+0NZ3Xoa6Hj7pm0yDw="},"indexInfo":{"baseKey":"BVzkoV98S/8DwUGMi7zCjqFP+fu2tnbN550q32d/9KUK","baseKeyType":1,"closed":-1,"used":1751556678542,"created":1751556678542,"remoteIdentityKey":"Bd3uXJJePR5ZTgB/L8RWWkoKqxXy6AyouMTi9eqQkWJs"},"_chains":{"BYwl9Lpg2HPExMjgwxZIFIl8YW5Hldj0b8UiuGbSePxM":{"chainKey":{"counter":0,"key":"FOHMxuFMsA+1nDnQXIM8DTPLHhLz4XBeMCGYHbxJf0g="},"chainType":1,"messageKeys":{}}},"pendingPreKey":{"signedKeyId":2,"baseKey":"BVzkoV98S/8DwUGMi7zCjqFP+fu2tnbN550q32d/9KUK","preKeyId":3605969}}},"version":"v1"}