{"_sessions":{"BaNl9t1WOSYDS4HdrJeaYheLLmGvIu2B1IaUQsyNe+hN":{"registrationId":226425190,"currentRatchet":{"ephemeralKeyPair":{"pubKey":"BSRRb1aPNt0PTUtV6JJuPyeeot75hZUQP5tnDGJa+Hkm","privKey":"+PF+1vBgUTobvEbohCVvkETFaeuHmX8E2VE3elmEz1Y="},"lastRemoteEphemeralKey":"Bb0oGHwn9vd/pVMT9csIF3in/VMilYSdtIeE03KLoWlk","previousCounter":0,"rootKey":"MksNKXqQdKRvZSI9+EVZhzrqTGHydgiK++9YEayNTgA="},"indexInfo":{"baseKey":"BaNl9t1WOSYDS4HdrJeaYheLLmGvIu2B1IaUQsyNe+hN","baseKeyType":1,"closed":-1,"used":1751556678874,"created":1751556678874,"remoteIdentityKey":"Bd/naT9MYcrGhIRaw8CYuouJSuNl/l8XjswZaexqRPlo"},"_chains":{"BSRRb1aPNt0PTUtV6JJuPyeeot75hZUQP5tnDGJa+Hkm":{"chainKey":{"counter":0,"key":"YVIIqnhjupeUqF4Src3ZcsWOEJpCtfb0f+8yB3qGKtQ="},"chainType":1,"messageKeys":{}}},"pendingPreKey":{"signedKeyId":1,"baseKey":"BaNl9t1WOSYDS4HdrJeaYheLLmGvIu2B1IaUQsyNe+hN","preKeyId":12303681}}},"version":"v1"}