{"_sessions":{"BahfHxQLyE+99jpq123tOCYl0+TYzoHy3lKbyubBTT8z":{"registrationId":2070991359,"currentRatchet":{"ephemeralKeyPair":{"pubKey":"BdSXszE2ZxSbhJX/nolo0BtDGK3gswwooXCRhaD0ZYEU","privKey":"2JKs6z9xaLQG6lE/T3aLLcMA8a7RqLlpVqBFKUho2FM="},"lastRemoteEphemeralKey":"Beidh2bhpSGOuPLkTLbTjGNioQGVUjkckgWz8UXPfYom","previousCounter":0,"rootKey":"VVMIViWA+rCzrpFTqYNIfu6yDti/Sqq1Rqn709+cw0I="},"indexInfo":{"baseKey":"BahfHxQLyE+99jpq123tOCYl0+TYzoHy3lKbyubBTT8z","baseKeyType":1,"closed":-1,"used":1751556679053,"created":1751556679053,"remoteIdentityKey":"Be6ytFqX8YYa49tEOmmbE9/eCLXXb0sHh886BvL8yE8j"},"_chains":{"BdSXszE2ZxSbhJX/nolo0BtDGK3gswwooXCRhaD0ZYEU":{"chainKey":{"counter":0,"key":"hodNicCiR6XOaAEG1A5aoH4aNAyzt+iY0r7cApP9s8M="},"chainType":1,"messageKeys":{}}},"pendingPreKey":{"signedKeyId":1,"baseKey":"BahfHxQLyE+99jpq123tOCYl0+TYzoHy3lKbyubBTT8z","preKeyId":8343250}}},"version":"v1"}