{"_sessions":{"BTG9vd9FhDzllmIVXcIL1kjI5soDWUr2jsUjC0iPgZAU":{"registrationId":15242,"currentRatchet":{"ephemeralKeyPair":{"pubKey":"BaaMnCsgxgcKW00JxOl9V5rDkp4tNYztL9WipvnC3ONp","privKey":"mDBMamiC632fGivWNfmW1mQ/bVgpY0x4+E1AGaBybk8="},"lastRemoteEphemeralKey":"Bf6wQ9mWfUKqPYk5ntA10lSColbKwY1QbrC6cvgcX847","previousCounter":0,"rootKey":"fBp2LNK0vs0QsqklY0rI2+eUpnMmwTgbs7otA6lYzfk="},"indexInfo":{"baseKey":"BTG9vd9FhDzllmIVXcIL1kjI5soDWUr2jsUjC0iPgZAU","baseKeyType":1,"closed":-1,"used":1751556679061,"created":1751556679061,"remoteIdentityKey":"BbMAHUu97CCsrosVDBKAJGIPET/wvBvX7wsw9ryOi3hF"},"_chains":{"BaaMnCsgxgcKW00JxOl9V5rDkp4tNYztL9WipvnC3ONp":{"chainKey":{"counter":0,"key":"ONZU5+KfbSJg4rt2DOUtpe2cci16tgHZT3UhCDEzTUA="},"chainType":1,"messageKeys":{}}},"pendingPreKey":{"signedKeyId":1,"baseKey":"BTG9vd9FhDzllmIVXcIL1kjI5soDWUr2jsUjC0iPgZAU","preKeyId":862}}},"version":"v1"}