{"_sessions":{"BS3zYt4t7giljCtZJekM5IM8i+gRlj2CQzCwxXMm81Q/":{"registrationId":876870352,"currentRatchet":{"ephemeralKeyPair":{"pubKey":"BVhvipghmK8y/3sItDIOM8eRWbaoRs5tVNNb2vRj7RFf","privKey":"KLz3oh61dB2lkuB8C6yNVUUgG0XtHoK/QSDcdQaqNEc="},"lastRemoteEphemeralKey":"BYHdV6A4qmPSujxe1VhwU9OjgHbRZ54T0C5T1QCNv9kx","previousCounter":0,"rootKey":"Ox7+ZMtUrR/5a8sP88GoOhrQnWA3nLlJU0L5gprtNcg="},"indexInfo":{"baseKey":"BS3zYt4t7giljCtZJekM5IM8i+gRlj2CQzCwxXMm81Q/","baseKeyType":1,"closed":-1,"used":1751556678647,"created":1751556678647,"remoteIdentityKey":"BW1T6EHlUYC13EKHqwIpMSiTMF0vrp710Xq9sQQgCEBp"},"_chains":{"BVhvipghmK8y/3sItDIOM8eRWbaoRs5tVNNb2vRj7RFf":{"chainKey":{"counter":0,"key":"gXEJ3AZk1Gl93aULSsff+xHdHBz53o566EP/RkAdAbo="},"chainType":1,"messageKeys":{}}},"pendingPreKey":{"signedKeyId":11,"baseKey":"BS3zYt4t7giljCtZJekM5IM8i+gRlj2CQzCwxXMm81Q/","preKeyId":7331916}}},"version":"v1"}