{"_sessions":{"BVVFP7tR0nP6gx9ND0wUARQk1vFn6asBiK6xQtERE7lS":{"registrationId":1197385499,"currentRatchet":{"ephemeralKeyPair":{"pubKey":"BRbYdfrEfPFWC4bnkA6TEMchXAvbn2aCtctj7qTXbrI1","privKey":"aBBWR/eBaTGWcSZRjpLdmSDcV8VQd/Q0hJnhYYVasGQ="},"lastRemoteEphemeralKey":"BWcFd7XpRD5EVzrXD4/kGfNrYh15D1ROTZ5T0zN5uaZD","previousCounter":0,"rootKey":"HrCpdHg1kvkzPC9zOUPg13FdbBQkgb72Nd/RZTCDMjY="},"indexInfo":{"baseKey":"BVVFP7tR0nP6gx9ND0wUARQk1vFn6asBiK6xQtERE7lS","baseKeyType":1,"closed":-1,"used":1751556678769,"created":1751556678769,"remoteIdentityKey":"BULB6j6bq2KFfbJu/kpMLzl0B0mq/SCtkZXATUtL7mdb"},"_chains":{"BRbYdfrEfPFWC4bnkA6TEMchXAvbn2aCtctj7qTXbrI1":{"chainKey":{"counter":0,"key":"2BtHz4k6fkK+N1ofs2HZKdrJnJpzqvQlAmuYsYmIgDw="},"chainType":1,"messageKeys":{}}},"pendingPreKey":{"signedKeyId":1,"baseKey":"BVVFP7tR0nP6gx9ND0wUARQk1vFn6asBiK6xQtERE7lS","preKeyId":9098398}}},"version":"v1"}