{"_sessions":{"BZyeyXoEKJgKd7LK2rP0qY/GocvqybChtXUZ66AU8iN3":{"registrationId":1656532604,"currentRatchet":{"ephemeralKeyPair":{"pubKey":"BS7rTEsBd9jxMs4DQiPvLd/QA6c4Vsc73JuI8PA9cLAj","privKey":"mAS/JvsTMm12GkM0GpXJ5ZXx5UztqHlT6XVKNRK18mY="},"lastRemoteEphemeralKey":"BToQiGlsYKAwy59PBQAqRx7q3uaJLcaVofP/JiEp0xge","previousCounter":0,"rootKey":"lsyWfEWhMe/poxraIa9Y9UomztDi/IGJpIueAl4HmOI="},"indexInfo":{"baseKey":"BZyeyXoEKJgKd7LK2rP0qY/GocvqybChtXUZ66AU8iN3","baseKeyType":1,"closed":-1,"used":1751556678708,"created":1751556678708,"remoteIdentityKey":"BYJXgq84TR6xY1ntknyr48msNH1LXJjrR1A3+r5qRit9"},"_chains":{"BS7rTEsBd9jxMs4DQiPvLd/QA6c4Vsc73JuI8PA9cLAj":{"chainKey":{"counter":0,"key":"8uIx+0o6Ygx19WKqWKEOfa8+/2yBsCHBN3KyEUR+Xrg="},"chainType":1,"messageKeys":{}}},"pendingPreKey":{"signedKeyId":6,"baseKey":"BZyeyXoEKJgKd7LK2rP0qY/GocvqybChtXUZ66AU8iN3","preKeyId":10784684}}},"version":"v1"}