{"_sessions":{"BeiECM8SB9e8aGvWuyaIiMaQTU87kv+UU2zQzbKMTFUR":{"registrationId":4858,"currentRatchet":{"ephemeralKeyPair":{"pubKey":"BZn1JQ2wokwSOkYsTGFIARfK16fRTZQttZb4lJFLX7sV","privKey":"oGbXe9eV3ZM17v5vzSiIWnqcPVa5MEgiiZViFL1fNFc="},"lastRemoteEphemeralKey":"BWoP0CVDfxp8rK2rnUgFDgXl7KICm8HyhNZ81XJVPHNp","previousCounter":0,"rootKey":"FkXYcNK+/Tf/B/gp5mQWRzQeYdAkblQPDwL1f8epoX4="},"indexInfo":{"baseKey":"BeiECM8SB9e8aGvWuyaIiMaQTU87kv+UU2zQzbKMTFUR","baseKeyType":1,"closed":-1,"used":1751556679005,"created":1751556679005,"remoteIdentityKey":"Bd4pVwQBVirDHLsgpKu0Ct4E+yl/Ot4hDW/nWcRJYZQg"},"_chains":{"BZn1JQ2wokwSOkYsTGFIARfK16fRTZQttZb4lJFLX7sV":{"chainKey":{"counter":0,"key":"ePVE3IbpUHGY3Wa0JroNzJrGTjFJJiL4XEXHjBro4DQ="},"chainType":1,"messageKeys":{}}},"pendingPreKey":{"signedKeyId":1,"baseKey":"BeiECM8SB9e8aGvWuyaIiMaQTU87kv+UU2zQzbKMTFUR"}}},"version":"v1"}