{"_sessions":{"BdO73ZSnpMZThBwVUFYJ6cTXO0TXbcYtlShhooMco2cY":{"registrationId":1771896422,"currentRatchet":{"ephemeralKeyPair":{"pubKey":"BZr2K9ZljLejD7wV01pvCJ5RO36sRi7sz0XaetvemMwL","privKey":"uD98ymqRSRCGgTbObafd0fnhKFMssoFk4+nJfW7nTHI="},"lastRemoteEphemeralKey":"BURGHWEWnVw6ggPm1gYBVaWA4tTrfxyY+ztPZZ/e5WQa","previousCounter":0,"rootKey":"i4iIRVnTy768vp2y9aGyWnXelp/w2Vhz+Lk1VSS7G1Y="},"indexInfo":{"baseKey":"BdO73ZSnpMZThBwVUFYJ6cTXO0TXbcYtlShhooMco2cY","baseKeyType":1,"closed":-1,"used":1751556678902,"created":1751556678902,"remoteIdentityKey":"BSKyTv+NH1ya1tKxnIY1idntkuXH6aDIreH0vjmTxsJP"},"_chains":{"BZr2K9ZljLejD7wV01pvCJ5RO36sRi7sz0XaetvemMwL":{"chainKey":{"counter":0,"key":"hYme4/rwx0dgumS1Ar+YWyLB3OHHJ5s38lAb19fA79M="},"chainType":1,"messageKeys":{}}},"pendingPreKey":{"signedKeyId":6,"baseKey":"BdO73ZSnpMZThBwVUFYJ6cTXO0TXbcYtlShhooMco2cY","preKeyId":7395376}}},"version":"v1"}