{"_sessions":{"BSD+MBDsHoa/C1B0gvfIqjLRi5NrAV4Ie3IjlVyqquER":{"registrationId":1400023465,"currentRatchet":{"ephemeralKeyPair":{"pubKey":"BfuY3CK8RCTccEw4hIeWG75JkXK7hkravV9FA26J9Xw5","privKey":"mKKx5l1xYy1BYn2B4hPfr97SDwpeiOxBEn7fyNQ40H0="},"lastRemoteEphemeralKey":"BSuruPDQ1CcVqfIZ6LALkL5ipPv3gQAcY/s8k88Xfvos","previousCounter":0,"rootKey":"3ffXQsbToBM0udMRkfk55pOj6cBk3tCPqVj8zK1Pfu8="},"indexInfo":{"baseKey":"BSD+MBDsHoa/C1B0gvfIqjLRi5NrAV4Ie3IjlVyqquER","baseKeyType":1,"closed":-1,"used":1751556678614,"created":1751556678614,"remoteIdentityKey":"BUUaj6hhHUNR6PqsYzpOuprEar4Nli5po9uVMNS4KT1Z"},"_chains":{"BfuY3CK8RCTccEw4hIeWG75JkXK7hkravV9FA26J9Xw5":{"chainKey":{"counter":0,"key":"dVQZOdEnDjSqmbn7OHJkPA+SozqRk7LadyJjEz2ySF4="},"chainType":1,"messageKeys":{}}},"pendingPreKey":{"signedKeyId":0,"baseKey":"BSD+MBDsHoa/C1B0gvfIqjLRi5NrAV4Ie3IjlVyqquER","preKeyId":933167}}},"version":"v1"}