{"_sessions":{"Bd2G8DIlb24zs8fBGCkhN2CYmTqKtYqzCo1tfNeXv49K":{"registrationId":956768584,"currentRatchet":{"ephemeralKeyPair":{"pubKey":"BXTeXxmhg8st7r5TmzTKFaI3PURN3+JDmSHkCoEW8S9A","privKey":"cLMT8NfTSPy0VYINOS3g1yDjCTUSLjRGwL90bCTQSWY="},"lastRemoteEphemeralKey":"BQDLfR54nJs998RuD2x1wPqlduIPoOKZVNxRcCKZDRcL","previousCounter":0,"rootKey":"gz5sZcppUuDew17urAnxThZfRzTkc6kPfA9lUVI4tOI="},"indexInfo":{"baseKey":"Bd2G8DIlb24zs8fBGCkhN2CYmTqKtYqzCo1tfNeXv49K","baseKeyType":1,"closed":-1,"used":1751556678814,"created":1751556678814,"remoteIdentityKey":"BZ6QquGZDK69MfO2l+MGpHz+zaxIxTlJVqEh+03p9zdU"},"_chains":{"BXTeXxmhg8st7r5TmzTKFaI3PURN3+JDmSHkCoEW8S9A":{"chainKey":{"counter":0,"key":"jliW89bgyDnYFziBAQp3FxBVZwkadhd+dcumztbiRyY="},"chainType":1,"messageKeys":{}}},"pendingPreKey":{"signedKeyId":4,"baseKey":"Bd2G8DIlb24zs8fBGCkhN2CYmTqKtYqzCo1tfNeXv49K","preKeyId":3673563}}},"version":"v1"}