{"_sessions":{"BTeH+0nrH/sMqWMwyYNkMSFot2qlkGs4b1lSDiw4HFtm":{"registrationId":7373285,"currentRatchet":{"ephemeralKeyPair":{"pubKey":"BWgUfiWKGkvWvEnjKcebvjKaIVdyiBLOJyyPvm9ZR6tM","privKey":"sN7eIxAZ99MB5wmC7uFIOSWSH/ZlrcXCVaM6fQbTaVY="},"lastRemoteEphemeralKey":"BXK4jJ0AGQVxpjF3cRF+NuiIGETx1+ylRTIzZ7vvgeAV","previousCounter":0,"rootKey":"KSrC6HRLz4ZFe+iecM9nYWXhDY5YhfteEtHgVPWKZM4="},"indexInfo":{"baseKey":"BTeH+0nrH/sMqWMwyYNkMSFot2qlkGs4b1lSDiw4HFtm","baseKeyType":1,"closed":-1,"used":1751556678913,"created":1751556678913,"remoteIdentityKey":"BS4U18QSLREHijdwEi4GOgbQxhnGqKVG5pGUr7vH8r1a"},"_chains":{"BWgUfiWKGkvWvEnjKcebvjKaIVdyiBLOJyyPvm9ZR6tM":{"chainKey":{"counter":0,"key":"l1ADVaWkz7TXqRBMrHkWVLWHGmyISlHIl00nKYCLX7Y="},"chainType":1,"messageKeys":{}}},"pendingPreKey":{"signedKeyId":20,"baseKey":"BTeH+0nrH/sMqWMwyYNkMSFot2qlkGs4b1lSDiw4HFtm","preKeyId":10115570}}},"version":"v1"}