{"_sessions":{"BeQAOjCI/dr7tWe7FbxLtSUoU+u5xsw4+jdPjwrKR5QL":{"registrationId":3890,"currentRatchet":{"ephemeralKeyPair":{"pubKey":"BZ+a/WAGoN9KV/dv2yc+AqItL9WE8VoR0qy8mzf/ebUH","privKey":"IAhiWWZ/1Im0zkQ7Y+izXfi7c+dKUowMYGLDmD+850g="},"lastRemoteEphemeralKey":"BaMfhRbEypP8Pj91mncdR6uh7e1kRTmBGNABnoJxMGkT","previousCounter":0,"rootKey":"c9XM+RjjWZ9Gp+uh8rAsINGuzByFVEjxu64l9aE1FUg="},"indexInfo":{"baseKey":"BeQAOjCI/dr7tWe7FbxLtSUoU+u5xsw4+jdPjwrKR5QL","baseKeyType":1,"closed":-1,"used":1751556679031,"created":1751556679031,"remoteIdentityKey":"BcQwp1B81ZDNR+1vFtYZPeYAr0Sbz6OHC7lqYC/+vrtW"},"_chains":{"BZ+a/WAGoN9KV/dv2yc+AqItL9WE8VoR0qy8mzf/ebUH":{"chainKey":{"counter":0,"key":"2yZzvlPvLzYrOtT4icymmZYbevHJBx+fgnicaiieLTQ="},"chainType":1,"messageKeys":{}}},"pendingPreKey":{"signedKeyId":1,"baseKey":"BeQAOjCI/dr7tWe7FbxLtSUoU+u5xsw4+jdPjwrKR5QL"}}},"version":"v1"}