{"_sessions":{"BeS0I09B5VbgW4fFFiQ2borlRv5aJ6RQSNNl2Q2LA/ZU":{"registrationId":439581001,"currentRatchet":{"ephemeralKeyPair":{"pubKey":"BRhZBOQBF9Z4vdwnWROtNakK17/6V620OG4E7bvUwCVd","privKey":"uNwTP4AefOLFGtkh3bnRBZDM7Ux88T3NvGr/HLwTRE4="},"lastRemoteEphemeralKey":"BcG1QzRD6IZeosHVkRiuM/up2671/XF+S/0Ct6QDn8Zq","previousCounter":0,"rootKey":"jqJQ47nG31nfDMVG/5c9CI/qjSi53lrnb+1d8cHemSw="},"indexInfo":{"baseKey":"BeS0I09B5VbgW4fFFiQ2borlRv5aJ6RQSNNl2Q2LA/ZU","baseKeyType":1,"closed":-1,"used":1751556679106,"created":1751556679106,"remoteIdentityKey":"BVn3QWuLb7qsTQ5sY4p28+m5RpY7lipi5oyDT7xxVydW"},"_chains":{"BRhZBOQBF9Z4vdwnWROtNakK17/6V620OG4E7bvUwCVd":{"chainKey":{"counter":0,"key":"uUJ4JpqifTklzE3gr+q3bDLJf5z+fgJC8XvVQKG9GcE="},"chainType":1,"messageKeys":{}}},"pendingPreKey":{"signedKeyId":1,"baseKey":"BeS0I09B5VbgW4fFFiQ2borlRv5aJ6RQSNNl2Q2LA/ZU","preKeyId":4727511}}},"version":"v1"}