{"_sessions":{"BT6BNuMP5oqDWSEzeSu6UZOjEHlXUgl4iqXcvap4DF87":{"registrationId":1420212678,"currentRatchet":{"ephemeralKeyPair":{"pubKey":"BQrcBWWXBJVh3q7gbZ+/iuFU8YrGf3rSt5oLHW60Q4s7","privKey":"sEzG0+By6FBwCoCW6wq6KgCE8kzeP0kGAPcVVx8tk2A="},"lastRemoteEphemeralKey":"BUGBlS3EmPwbr1YEm+xodi9eUUdQ3H+dbBRwi+Powek8","previousCounter":0,"rootKey":"aR++nN5r4rQsTG6OlW58qCKNRaR/xPMScwMK2dUBp9k="},"indexInfo":{"baseKey":"BT6BNuMP5oqDWSEzeSu6UZOjEHlXUgl4iqXcvap4DF87","baseKeyType":1,"closed":-1,"used":1751556678882,"created":1751556678882,"remoteIdentityKey":"BTyeLDr40lLSNBI4BFb2HAxW4tWuYg/+5JZHsymyWlQV"},"_chains":{"BQrcBWWXBJVh3q7gbZ+/iuFU8YrGf3rSt5oLHW60Q4s7":{"chainKey":{"counter":0,"key":"Q4EdLc6VNbYz3C+IrUo/RlicY6TVeGE5O0i0eh4/3Yg="},"chainType":1,"messageKeys":{}}},"pendingPreKey":{"signedKeyId":23,"baseKey":"BT6BNuMP5oqDWSEzeSu6UZOjEHlXUgl4iqXcvap4DF87","preKeyId":2011237}}},"version":"v1"}