{"_sessions":{"BWe+RiY1yP0zBw1epilhcJgWPgHDdbh3XDTmJP1ZoEsw":{"registrationId":9017,"currentRatchet":{"ephemeralKeyPair":{"pubKey":"BVn2zgE5Ia8QJZ7gWGmcZSTfMaFgM+piOHaPbOojK/wh","privKey":"2NOMHiljrORIl+7SBL7rFHEsOmbSbiMWPI9ITdz3hHY="},"lastRemoteEphemeralKey":"BXtQnJ68SzN2hwtpY7dagYMGZaOvVhafjT47Pi42eugh","previousCounter":0,"rootKey":"0Dvdo50bMwP5Y+jSAYZ8uNQ0xEpSyuL+01o6qJLuGX4="},"indexInfo":{"baseKey":"BWe+RiY1yP0zBw1epilhcJgWPgHDdbh3XDTmJP1ZoEsw","baseKeyType":1,"closed":-1,"used":1751556678969,"created":1751556678969,"remoteIdentityKey":"BdcydEu3tyBtdmv4jbnUe+ID29HnOugdCaMZQZG5Erhb"},"_chains":{"BVn2zgE5Ia8QJZ7gWGmcZSTfMaFgM+piOHaPbOojK/wh":{"chainKey":{"counter":0,"key":"+mVhXEVbhyvXX4VJR4GX46fozPnUVzyfLXlNy4IvwSM="},"chainType":1,"messageKeys":{}}},"pendingPreKey":{"signedKeyId":1,"baseKey":"BWe+RiY1yP0zBw1epilhcJgWPgHDdbh3XDTmJP1ZoEsw"}}},"version":"v1"}