{"_sessions":{"BV/hn2Rjpst6NaTucKQnqm1C4556YIKNQz9Bm5W2dL13":{"registrationId":7859602,"currentRatchet":{"ephemeralKeyPair":{"pubKey":"BbV3sqjhXg7wY4UeeHWfk5/yRTg4C8Q7bM/sDfi11UJj","privKey":"OMc+585mg6jEqiO3s55f8TdpngJEzGzEmOTg7Yf02lU="},"lastRemoteEphemeralKey":"Bc9Vtr5KD270QCCEwdwV9+GYYZe+zu72bk9zwBZ805Y3","previousCounter":0,"rootKey":"+yW6tMlPzDGr5Puhn6v0n0ivyuNjnkJaKCdgsidUEfc="},"indexInfo":{"baseKey":"BV/hn2Rjpst6NaTucKQnqm1C4556YIKNQz9Bm5W2dL13","baseKeyType":1,"closed":-1,"used":1751556678837,"created":1751556678837,"remoteIdentityKey":"Bcp7aKm4PcQcNTox2aGTEUd5f34fm6hAg6M6dJVZBYpE"},"_chains":{"BbV3sqjhXg7wY4UeeHWfk5/yRTg4C8Q7bM/sDfi11UJj":{"chainKey":{"counter":0,"key":"EmOFSLDkfPuI+hfvuD2/nsAyEaF1J0rKDnCoe5UjegE="},"chainType":1,"messageKeys":{}}},"pendingPreKey":{"signedKeyId":1,"baseKey":"BV/hn2Rjpst6NaTucKQnqm1C4556YIKNQz9Bm5W2dL13","preKeyId":16625348}}},"version":"v1"}