{"_sessions":{"BQegB5eXa/dpm+ZOthyQsT2bsEm4JpuxbcCQn9i7cj59":{"registrationId":1207479388,"currentRatchet":{"ephemeralKeyPair":{"pubKey":"BfQ/MFA4Z5uu3iwJPEy4L0D3o43AgmbjxJ38lpHCe+x0","privKey":"GBkBOfoFhQyJBS/cBFplTpK7NH6chHz6MeA7hzBFsls="},"lastRemoteEphemeralKey":"BT6ISxy7h3zkQzTd4RHwjcpFpEHozopED5UFslARuPtb","previousCounter":0,"rootKey":"7WxjPBw04yLQ6wEV0QxT5xrUrukr3D5ZWdcRlDgOcyo="},"indexInfo":{"baseKey":"BQegB5eXa/dpm+ZOthyQsT2bsEm4JpuxbcCQn9i7cj59","baseKeyType":1,"closed":-1,"used":1751556679098,"created":1751556679098,"remoteIdentityKey":"BWRMqNTvEoMp9kLOfyUq8q6um1JQ8jiny4PpScJg3Qpk"},"_chains":{"BfQ/MFA4Z5uu3iwJPEy4L0D3o43AgmbjxJ38lpHCe+x0":{"chainKey":{"counter":0,"key":"qZoj8YCv6+NFPEqvBUDnnba80xI0RyHHd+oCdsBoQE4="},"chainType":1,"messageKeys":{}}},"pendingPreKey":{"signedKeyId":0,"baseKey":"BQegB5eXa/dpm+ZOthyQsT2bsEm4JpuxbcCQn9i7cj59","preKeyId":10995282}}},"version":"v1"}