{"_sessions":{"BewUTtmVLLXOgX1AdN/MHYYXOhDsNhMlEUs7Qk4QsYhh":{"registrationId":1667836812,"currentRatchet":{"ephemeralKeyPair":{"pubKey":"BVL5MtbktsydnWJfuoaz4UGQZGdX8g7rQpizhIBlKRcC","privKey":"cKmS1TWQ909Up+ODPNJlmFz2h/mHt8tuvbjAVcHoh00="},"lastRemoteEphemeralKey":"BbzkQ+8ZXiMmkyz9uijVjpVSpfN4LknPi7YNyXAlFjs4","previousCounter":0,"rootKey":"NgxAbuVbyL9R48SenRrR/1I/+AoSOr6FsYl8Xi5qC9o="},"indexInfo":{"baseKey":"BewUTtmVLLXOgX1AdN/MHYYXOhDsNhMlEUs7Qk4QsYhh","baseKeyType":1,"closed":-1,"used":1751556678785,"created":1751556678785,"remoteIdentityKey":"Bds7o17LCPAnCVj3Rruwb24pmNTxmRqFBPj6reNZ7Hsf"},"_chains":{"BVL5MtbktsydnWJfuoaz4UGQZGdX8g7rQpizhIBlKRcC":{"chainKey":{"counter":0,"key":"3RGdyaauC3lr00YwYmD2NeIMWQhNGIxJFY479a1m7tg="},"chainType":1,"messageKeys":{}}},"pendingPreKey":{"signedKeyId":18,"baseKey":"BewUTtmVLLXOgX1AdN/MHYYXOhDsNhMlEUs7Qk4QsYhh","preKeyId":16034979}}},"version":"v1"}