{"_sessions":{"BbLy1ZqErFeTOC3A67K/RgI+p2CDsRyg94wyKDKsJswF":{"registrationId":1840546743,"currentRatchet":{"ephemeralKeyPair":{"pubKey":"BV080a1UrKKvyG4GE3gevEhpyOI85xJSZ4XnpAWNv7pY","privKey":"SEYf3UQIrddEqxxLqL9T4/BBEOVU6KkNqJ7c6MfvQ24="},"lastRemoteEphemeralKey":"BU5FFNqp6ICGxNRgiQKYI0BDPrFTEnp5f0Ynvjsb0C0F","previousCounter":0,"rootKey":"pbiFEBkQb/d+9peNqn8fO7Ddz0GnsjL/BsEF+WIEjNY="},"indexInfo":{"baseKey":"BbLy1ZqErFeTOC3A67K/RgI+p2CDsRyg94wyKDKsJswF","baseKeyType":1,"closed":-1,"used":1751556678552,"created":1751556678552,"remoteIdentityKey":"BQkFu8FkmcuIbAcPQg2qjlP9h2ApZewiVlu5yEGn5DMl"},"_chains":{"BV080a1UrKKvyG4GE3gevEhpyOI85xJSZ4XnpAWNv7pY":{"chainKey":{"counter":0,"key":"UOYhXZ6+PFoierBkmZ+HU5wH1KErCJ9jsrldwK8O3Lw="},"chainType":1,"messageKeys":{}}},"pendingPreKey":{"signedKeyId":17,"baseKey":"BbLy1ZqErFeTOC3A67K/RgI+p2CDsRyg94wyKDKsJswF","preKeyId":12312335}}},"version":"v1"}