{"_sessions":{"BZgC5drrdc8wFil73antdB1ljwPnT56dlKCpVtQrCO16":{"registrationId":2137125386,"currentRatchet":{"ephemeralKeyPair":{"pubKey":"BRr3syrpdxgVs9jcC3Q7uymQP0bhwOPdzvsMz5SIv6Qf","privKey":"iM6PIqPF4ivsFH1t1g+X3vB4JN0qRQxM478hMJxW5Fk="},"lastRemoteEphemeralKey":"BdaxISwLksf7X1yB4SxWJZtjVOBx/Y4Oz8EuhIRJgLhw","previousCounter":0,"rootKey":"R1poZ6fxunmW8rCLIFtje8i7DtfZ4rQv8dFU6SFzoMw="},"indexInfo":{"baseKey":"BZgC5drrdc8wFil73antdB1ljwPnT56dlKCpVtQrCO16","baseKeyType":1,"closed":-1,"used":1751556678761,"created":1751556678761,"remoteIdentityKey":"Bbd/0HOgG0vf3x+ui+7l/UChLn9CfpsKAFhFLAVdFyRR"},"_chains":{"BRr3syrpdxgVs9jcC3Q7uymQP0bhwOPdzvsMz5SIv6Qf":{"chainKey":{"counter":0,"key":"Ctv824y7i/2adU7HFshh2ZuqqCmBoxX0qA6YKBW2jY0="},"chainType":1,"messageKeys":{}}},"pendingPreKey":{"signedKeyId":7,"baseKey":"BZgC5drrdc8wFil73antdB1ljwPnT56dlKCpVtQrCO16","preKeyId":9754604}}},"version":"v1"}