{"_sessions":{"BZr6wZr/aUhJZ3w6fkxe2TrrnloAwQygH/v8S8luKelW":{"registrationId":1652569097,"currentRatchet":{"ephemeralKeyPair":{"pubKey":"BQi1tT61ulJE3nasGkmhk09Wx8CxwcFt6FaxfUvt8p0G","privKey":"eFfrWfA05McwgOd24pPlSSSvcjv6ar0nYMpdpqEiRXQ="},"lastRemoteEphemeralKey":"BWQ6FlnW+WiHnncZKO2IWWwkRaqLqbWrePC9WNw4nv88","previousCounter":0,"rootKey":"2VqW6ypwKgz/KtpRRXAuqyIt3ZdUqrAsq6znSDfyW0w="},"indexInfo":{"baseKey":"BZr6wZr/aUhJZ3w6fkxe2TrrnloAwQygH/v8S8luKelW","baseKeyType":1,"closed":-1,"used":1751556678777,"created":1751556678777,"remoteIdentityKey":"BajQbo+qdVXqi0GCAH9RQgDCiQ4ERLPSM86YpT4eWbcs"},"_chains":{"BQi1tT61ulJE3nasGkmhk09Wx8CxwcFt6FaxfUvt8p0G":{"chainKey":{"counter":0,"key":"5jxEpxAALRBhFWNzXwVs8aSBnASR9G3Lbiyk2yV6P0o="},"chainType":1,"messageKeys":{}}},"pendingPreKey":{"signedKeyId":6,"baseKey":"BZr6wZr/aUhJZ3w6fkxe2TrrnloAwQygH/v8S8luKelW","preKeyId":5438778}}},"version":"v1"}