{"_sessions":{"BXVbQVzQ+lEBk7VwOOJnsamyVEBqOQaQLKWMecxtPfZv":{"registrationId":2047310826,"currentRatchet":{"ephemeralKeyPair":{"pubKey":"BYN0fUEDleJKAEEHwlRVwZKFDZYmTXk528po9Ye+mjx1","privKey":"YC6glAeSUFlo7kU+CKffnNZEdm6JE7afZnD/ZMPCs3I="},"lastRemoteEphemeralKey":"BXHvHHc2/eVIMKIU3oKMXvlfBcwzczIl+bh70n0sw0hC","previousCounter":0,"rootKey":"rYOcZnx3CxVCcO6WBb4stagyhOZtVMA4eBu+VDSQ2ZY="},"indexInfo":{"baseKey":"BXVbQVzQ+lEBk7VwOOJnsamyVEBqOQaQLKWMecxtPfZv","baseKeyType":1,"closed":-1,"used":1751556678557,"created":1751556678557,"remoteIdentityKey":"BeijB+E8RDH7Fsmh3/DjeBV89eEGCRONzQQGzi1fK5EL"},"_chains":{"BYN0fUEDleJKAEEHwlRVwZKFDZYmTXk528po9Ye+mjx1":{"chainKey":{"counter":0,"key":"J5qZgKcFfzJQrDVdMk1Br0IhMGpY2ILZ6TGjgc7RDpg="},"chainType":1,"messageKeys":{}}},"pendingPreKey":{"signedKeyId":3,"baseKey":"BXVbQVzQ+lEBk7VwOOJnsamyVEBqOQaQLKWMecxtPfZv","preKeyId":2363787}}},"version":"v1"}