{"_sessions":{"BS4L+8GNA7A9VydgMDQ22+WHVTh3jql4+aMI/b24lWtX":{"registrationId":1809571316,"currentRatchet":{"ephemeralKeyPair":{"pubKey":"BfX0ixT7lypKne58uU1qbqQPdWja/BE4IziG1ZG3fCoi","privKey":"mCxd00JvvtJ+Hz0qofdfoDHlm2aEtz159u1t1QOMC3U="},"lastRemoteEphemeralKey":"Baz9zlw8/3h0LYsZHDw9scbevlgWYTuaSiI1PEFRNVof","previousCounter":0,"rootKey":"lIMzM5hWdA0/53xdvoxIcGLl700pJZBmDvdh3K4+ryo="},"indexInfo":{"baseKey":"BS4L+8GNA7A9VydgMDQ22+WHVTh3jql4+aMI/b24lWtX","baseKeyType":1,"closed":-1,"used":1751556678949,"created":1751556678949,"remoteIdentityKey":"BfbtRour6LNmh/t7hvESskQ4+B8Q4vuhI5j9OC9Z74E+"},"_chains":{"BfX0ixT7lypKne58uU1qbqQPdWja/BE4IziG1ZG3fCoi":{"chainKey":{"counter":0,"key":"Sl6qvY9MfMv7W4LpFEUnFw9B2F6Xb8NepqOWHkWX/sw="},"chainType":1,"messageKeys":{}}},"pendingPreKey":{"signedKeyId":1,"baseKey":"BS4L+8GNA7A9VydgMDQ22+WHVTh3jql4+aMI/b24lWtX","preKeyId":13400988}}},"version":"v1"}